txt,label
제 누구라고요 서울 중앙지검이라고요 검찰청입니다 네 본인 그 명의 전용 사건 관련해서 몇 가지만 사실 확인차 연락을 드린겁니다 잠시 통화는 괜찮습니까 통화요 네 본인 혹시 그 서울 노원구 출진인 이청배라고 혹시 알고 계십니까 누구요 이창배라고 혹시 알고 계십니까 어 이창배씨 들어본 거 같은데요 어디서 돌아보셨어요 어서 제 아는 사람 중에 하나 있는거 같은데 시 나에서 어떻게 되십니까 나이가 지금 몇살이 됐지 한 열 십 된걸로 알고 있는데요 10대요 예 18살되네 저는 39세 남성을 말씀드리는겁니다 그래요 거기 아닌가본데요 그럼 이 사람 그 전지 농협은행 직원이었습니다 그리고 39세 남성이고요 왜냐면은 저희 수사 기관에서 이청별를 종심으로한 그 금융범죄 어 사기단을 권부를 했습니다 검거장시 그 다량의 대포통장과 위저된 그 신분증을 압수를 했습니다 그중에서 그 본인 명의로 된 농협은행 통장이랑 신한은행 통장 주점이 같이 발견이 되었습니다 신한은행도 발견됐어요 네 농협은행이 신한은행입니다 신한은행 거래 안한지 오래됐는데 저는 지금 본인께서 거래하고 계시는 은행권을 여쭤보는게 아니라 저희가 압수한 대포 통장에 대해서 말씀을 드리고 있는 겁니다 네 예 언제 개설이 되셨냐면 2020년 4월 9일 서울 노원구에는 불암지점이랑 중계동 지점에서 개설이 되셨거든요 네 본인께서 직접 개설하신 계좌가 아니라는 말씀이신거죠 그쵸 저는 신한은행을 들어가본적이 없어가지고요 혹시 본인 그 대포 통장이 어떤 거진 알고 계십니까 대포가 저기 큰 거 아닌가요 어떤거요 근통장 큰 통장이라 말씀하는게 아니라 다른 이 범죄자들이 다른 사람 명의를 도용을 해서 통장을 불법적으로 개설을 하는겁니다 그리고 그 통장을 가지고 사기를 치는거죠 그래서 그 큰 금액만 들어가는 통장이 대포 통장 아니야 사기를 치는 통장이 범죄 이용하는게 대포 통장입니다 그게 대표 통장이구나 네 지금 본인명의 통장으로 인해서 다시 피해자분들이 발생한 사건이고요 네 근 이참라 사람이 진술 했을 때는 어떤 사람들은 통장 돈을 받고 통장을 판매를 하신 분들도 계시다라고 진술을 해주셨는데 어 지금 본인께서도 통장을 판매를 한 적 있는지 아니면은 명의 도용을 당하신 피해자신분인지 일단은 저희가 그 부분에 대해서 조사차 연락 드린겁니다 제가 저를 조사하신다고요 네 왜냐면 본인 명의 통장이 범죄 이용 되셨기 때문에 본인께서 피해자가 맞다라고 하면은 그에 대한 피해자 입증조사 받으셔야 되세요 어 조사를 안 받으면 어떻게 되죠 안찾으면 나중에 본인 손행배상 책임에도 욜로가드실 수가 있습니다 받기 싫으시면은 그냥 공문정보해드릴테니까 기재된 날짜에 그냥 저희쪽에 나와서 조사 받으세요 그러시면 그럼 조사 받을게요 네 조사 받아야죠 경남하시는 겁니까 지금 아니요 아니 조사를 안하면 저한테 연로 이런거 온다면서요 조사 받아야죠 본인께서 나와서 조사를 받으시겠는지 아니면은 어 저희가 약식 녹취 조사로 진행 가능하기 때문에 그렇게 진행할건지 여쭤보는겁니다 그럼 지금 조사하시는 건가요 네 빨리 하시죠 기도면,1
여보세요 어 네 김다미실 맞으신가요 네 수고하십니다 여기 서울지검 백승 수관입니다 잠시 통화 가능하신가요 네 여보세요 네 어 잠시 통화 가능하신가요 네 가능합니다 어 다른게 아니라 지금 본인 앞으로 나와있는 사건 때문에 몇 가지 확인할게 있어서 연락을 드렸어요 네 어 본인 혹시 김명철이라는 남동분 아시는 분이신가요 아니요 몰라요 혹시 타이이 통장 양도 판매하신 사실 있으십니까 없습니다 이 부분 전혀 없으시고 네 다른게 아니라 얼마전에 저희 수사과에서 김명철를 지금으로 하는 금융 범 사기 단체를 건거였어요 저희 현장 수수 당시에 위주된 신분증 대포통장 OTP 보안카드 어떤 대량 합수했는데 어 일단 지금 사건현장에서 김씨 명의로 되어있는 우리은행이랑 하나은행 통장 발견이 돼서 연락을 드린거에요 네 어 일단 통장같은 경우는 저희가 해당 금융권이랑 대조로 맞춰본 결과 어 김다씨월 12일생 맞으시죠 네 본인 명의로 개설된 통장으로 확인을 했는데 저희 통장 조회 결과시에 발급 날짜 2017년도 3월 2일로 확인이 됐고 어 발급지점 경기도 광명시 철산지점으로 확인이 됐어요 네 그 본인이 직접 발급하신 동장 맞습니까 아닌데요 본인이 직접 하신거 아니시고요 네 일단 이 사건 명의도용 사건이었는데 어 실제로 명의를 양도 판매하신 피의자분들도 계셨고 어 명의용 당했다라고 주장하시는 분들 굉장히 많아요 네 저희쪽에서 많은 분들 너무 많은 분을 유치하고 있기 때문에 한분 한번 소환조사 이루지 못하고 일단 유선상으로 양식조사 진행중인 부분이고 어 김다민씨 본인 진술통로 지금 들어보면 예 김영철 모르시고 통장 발급하신적 없다 어 통장 판매한 적 없다라고 진술 하셨는데 맞습니까 네 어명의대용을 당했다라고 판단되고 있는데 본인도 모르는 사이에 계좌가 발급이 됐다라고 하면 명의도용을 당했을 수도 있다라는 거에요 네 김담미씨가 지금 명의 도용을 당한걸로 판단되는데 맞습니까 네 그런 거 같네요 1차적으로 사건 현장에서 본인 명의로 통장이 발견이 되었기 때문에 어 김미씨가 피해자라고 말씀을 하시면 본인도 피해자라는 간단한 피해자 입증조사는 받으셔야 돼요 네 피해자 조사 같은 경우는 녹취상태로 진행을 할거고 앞서 여쭤봤던 부분에 대해서 다시 한번 여쭤본고 녹취 증거자료 남길건데 이 부분에 대해서 동일하십니까 네 알겠습니다 녹취 여보세요 네 녹취중에 주희 자음이나 저 3차 목소리 섞일 경우에 법적 증거자료 채득이 되기 어려운데 뭔 개소리야 실례지만 전화통화 어디서 받고 계신지 알 수 있을까요 집이요 자택이시고 어 자택에는 본인은 재 상자 없는 공간이십니까 네 알겠습니다 그러면 지금 녹취바로 진행할텐데 사진 그대로만 말씀해주세요 예 사건번호 이 공 일 7조사 공 27건 김명 명의도 사건 녹취를 시작하겠습니다 본수사관은 개인정보 보호법에 의거여 어 김다희씨 주민번호 은행권이 계좌번호 비밀번호 등 묻지 않는냐는 점 잘 알아보시기 바랍니다 네 어 지금 전화 통화 받고 계시는 본인 성함이랑 현재 고지지역 말씀해주세요 여보세요 혹시 그거 아세요 어떤거 말씀하세요 이거 전화올때 보이피싱이라고 떴어요 대 싸가지 잊어버릴라,1
네 수고하십니다 지금 전화드린 곳은 강사찰 사과에서 연락을 드렸고요 저는 한주동이라고 합니다 네 다름이 아니라 금융거래 위반법 관련해서 참고인 연락을 드렸는데 잠시 통화 괜찮으신가요 어 네 말씀해보세 네 지금 저희가 얼마전에 강남구 선릉에 유치한 그 오피스텔에서 그 성남 아이및 금융위반혐의로 주방 이지연이라는 40개 여성을 광고했는데 혹시 뭐 아시는 분이십니까 어 저는 강남을 잘 간적이 없어가지고 전혀 모르시는 분이십니까 네 지금 건강현에 건당시에 그 개포통장과 공인인증서 유에스를 앞을 했는데요 거기에서 지금 시 본인 명의로 된 우리은행 통장과 신분증 사본이 발견이 되어서 연락을 드렸고요 제가 전화드린 요점은 본인이 금전적인 배달성을 받고 통장을 개설해서 판매한 가해자인지 아니면 명의동 사건으로한 피해자인지 민여부 판해서 연락을 드린건데 본인 통장나 공인인증서 판매하신 적 있으실까요 혹시 명 되어으고본인 맞으십니까 어 네 그러면 본인 연결 되는거 맞으시고 본인 혹시 최근 일 이년 사이에 지갑이라던가 신분증 핸드폰 개인정보가 되실만한거 분실하신적이나 조사 나하신적 있으십니까 알겠습니다 지금 기정상 저희도 조사를 좀 더 해봐야 알겠지만 심각한 문제는 이제 용의자 이지연이라는 사람이 명통장을 사용해서 총 70 2명에게 9470만원이라는 피해금액을 혔습니다 이게 결과 적은 금액이 아니고요 용의가 기술서에 따르면은 본인에게 돈을 주고 통장을 구매했다라고 진술해서 피해금액에 대한 소순이 지금 본인한테 연류된 상황입니다 이해 계실까요 어 네 어 지금 그래서 현재 본인께서는 가해자도 피해자도 아닌 조사자의 신분이기 때문에 본인들 이 사건에 무과한 피해자라고 생각을 하신다면 피해 입증을 받으셔야지만 집단 소송에서는 본인을 제외해드릴 수 있는 부분이시고요 같은 경우에는 그 본죄자들과 통화나 문자를 주고 받은 기록 자체가 없었기 때문에 저희 담당행사과에서 먼저 연락을 해드린겁니다 알겠습니다 우선은 지금 본인 피해자을 입증하는 증거자료를 제출이하기 위해서 저희가 취 통화를 진행해드릴거고요 이건 하기 전에 지상 고지하자면은 녹지층에 큰 소이나 제 삼 자 목소리가 샀을 경우에는 본인 목소리가 분간이 안되기 때문에 법정등과 자료 체크가 안될 수 있어요 이점 유의해주시고 지금 외부에 되신겁니까 자택에 신겁니까 지금 회사에 저 회사에 계시고 그럼 통화는 괜찮으신거세요 지금 따로 나와서 통화하시는거세요 네 시작되면은 서류 여쭤봤던 몇가지 질문을 드릴건데요 그냥 제가 질문드리는 내용이 맞다아니다 간단하게 내 아니오로만 답변 받겠습니다 네 시작하겠습니다 잠시만요 네 저 담당자하는 영등포 강사경찰서 사과 한재경이라고 합니다 현재 서울 남부지방 검찰청 합동 수사 본부에 확인 나와있는 형사구요 본인 성함 한번 기술해주십시오 응 조사대연식 맞으십니까 네 그럼 본인 통장이 개설되어서 범죄 사용된 사실이 전혀 모르고 계셨겠네요 네 지금 어스 오늘 저희 현과 전화받으시고 처음 알고 계신거구요 맞아요아 알겠습니다 그러면 우선 발견된 우리 본인 명의 통장은 불법 개 통장으로 사용이 되어서 추가적인 피해가 더 발생되지 않도록 저희가 동결처리 요청해드릴거고요 지급단기를 해드린다는 말씀입니다 괜찮으시겠죠 네 일단 본인께서 사용하시는 정상적인 통장 외에 다른 통장이 더 발견된다 그러면은 배포통장으로 간지하고 전부 동결처리 진행할건데 본인께서 사용하시는 은행권이 있으시다면은 은행 사명만 진실해주시고요 진실하게 서 개인정보 보호법에 따라 계좌번호라던가 비밀번호 주민번호는 녹취사 발하시면 안되십니다 은행 상속명만 간단하게 지출 받겠습니다 본인이 개설해서 사용하고 있는 은행권 어디 은행 이용하실까요 잠시만요 나 응 그러고요 생이랑 내랑실이요 근데 제가 항상 그거를 적금 넣는 거 때문에 보고있는데 저한테는 계좌가 안되는데 계좌가 있다고요 이제 명의로 피를 입으셨을 경우에는 이제 계좌 자체가 지금 본인없이 개설이 된다라는거는 거의 불가능한일 있지 않습니까 이제 저희 판단으로는 조사를 더 해봐야 알겠지만은 은행 지원이 완료가 되었다라던가 그런 문제가 있었기 때문에 이런 그 명의도용으로 포통장이 생기는거에요 어 그래요요 응 그러시면은 이제 같은 경우는 인계좌가 몇개나 설계할수 있어야지만 정상이십니까 또 1개고요 1개 있으시고 어떤 용도로 사용하시는거죠 그냥 그 저층용도 또 그냥 1개 있는거고 고 부러지고 1개 있으신거는 입출금으로 사용하시는 겁니까 적금예금 청렴 마이너스 계좌 어떤걸로 이용하시는걸까요 입출금이요 거의 입금이 자동이체 같은 경우에는 역시 입출금으로 사용하시는 겁니까 본인계좌 이거는 최대 6개월 이전에서 사용하신 적 있으셨고요 어 그쵸 계속 사용하고 있어요 그냥 알겠습니다 응 그가 세 는데 어떤 제실까요 어 2개는 거의 잘 안쓰고 1개는 지금 그거 카드 발급한거 때문에 그걸로 쓰고있어 2개는 이제 거의 실망 계좌라고 네 알겠습니다 그럼 1시간 기준으로 우선 사님 보호받으실 가산이 어느정도 있으신지 10만원 100만원 1000만원 단위별로 한번 말씀해주십시오 빵은 있어요 빵 도 빵있고 넹 빵고 있어요 넹 어 20만원 정도 들어있 21만원 오케이 잘 알겠습니다 지금 기술하신 은행권 내에 두다른 통장이 관련되면은 대표통장으로 간하고 저희가 동작 처리 진행하실건데 동의하십니까 알겠습니다 그러면 본인 혹시 주식이나 가상화폐계좌 같은건 거래하십니까 거의 안써서 그것도 지금은 사용하지 않으신다라는거죠 거의 안왔어요 알겠습니다 지금 지술해주신 금융권 초대로 저희쪽에서 등록해드릴거고요 이거 조사 결과 나오시면은 저희가 다시 한번 연락을 드릴겁니다 네 알겠습니다,1
엠지 새마을금고입니다 고객님 네 고객님 다름이 아니시고요 지금 정부에서 지원하나 마이너스 통장이나 신용대출 가아서 연락드렸구요 네 예 그러시고 지금 저희쪽에는 지금 연 금리가 1.9 프로부터 최대 5.9 프로해가지고요 이제 연체나 개는 신용상에 특별한 문제만 없으시면은 최대 1억까지 가능하시기 때문에 저희가 안내차 연락 드린겁니다 고객님 1억이요 예 어 그럼 1억 고객님께서 혹시 무슨 연체나 신용상용차는 전혀 없으시고요 네 예 직정 다니세요 아니면 잡보 계시고요 직산 다이에요 예 직장 다니신지 그 기간이 얼마나 되실거요 고객님 지금요 한 20년 됐죠 예 그러시고요 그러면 고객님 한 달에 한 급여는 얼마 되시고요 지금 700 800 700 네 그러세요 예 지금 저희쪽에 나이 제한 있기 때문에 지금 여쭤보니까 고객님 몇년도생이시고요 제어 80이요 파시는 생이시고요 생일이 어떻게 되시고요 생일도 얘기해야돼요 예 일호제요 1월 얼마세요 고객님 일 일이요 1월 1일이시고요 네 알겠고요 예 실례지만 고객님 그 휴대폰 그 통신사가 지금 어디서하고 계시죠 SK요 SK 본인 명의로 개통해신거 맞으시죠 네 예 고객님 지금 자금 얼만 더 필요하시고요 1억이요 네 알겠구요 예 객 소중한 정보는 감사드리고요 고객님 성함은 어떻게 되시는 전상 저는 상담원 이지연입니다 고객님 성함이 어떻게 되시고요 홍 예 홍자 길자 동 네 알겠습니다 홍길동 고객님 맞으시고요 예 그럼 고객님 저희가 일단 접수해드리고요 이제 저희가 이제 가조회 조수 문자 한통 넣어드릴게요 왜냐하면은 신용평증 지금 알아보기가 저가 인증번호 지금 줘야되거든요 고객님 네 만약에 신용증평점이 더으시면은 돈 도 많이 받을 수 있으시니까 고객님 네 예 잠시만요 홍자 길자 동자 고객님 맞으시구요 네 예 팔시는 쟁이시고요 근 어디서 전화하는 거에요 지금 저희는 서울쪽에 있거든요 고객님 서울 어디요 니 설 어디 서울쪽 특별시 강남구쪽에 있거든요 고객님 이가 그 회사 이름이 뭐에요 엠지 새마을 금고입니다 오서 봤는데 어딨었더라 고객님 지금 정보가 얼바르지 않는다고 지금 또 있는데 고객님 예 그 성함이 잘못한거 아니에요 아니요 고객님께서 지금 고객님 잠시만요 파시는 생이시고요 생일은 1월 1일이시고요 1월 2일이시고요 예 알겠습니다 고객님 예 제가 다시 한번 임직해드리고요 예 잠시만요 고객님 형자 길자 동자 네 황길동 고객님 맞으 근데 1억밖에 안해줘요 대출을 그것은 신용도가 저시면은 여력까지도 가능하시고요 만약에 신용도가 몇점이세요 고객님 신용평증이 얼마정도 되시고요 천 장 넘죠 내 고객님 잠시만요 왜 안와요 인증번호 고객님 저희가 인증번호 넣어드렸는데 지금 얼바르지 않다고 이렇게 떠 있는데 고객님 아니 근데 예 어디서 전화하는 거에요 이거 서울쪽에 서울 특별시 강남구쪽 봉문 사로에 저희가쪽에 있거든요 고객님 아니 예 주소가 어딘데 제가 지금 한번 위출를 한 번 볼게요 고객님 서울 특별시 강남구 예 봉은사로 144 길 140 사요 20 예 거 건물 이름이 뭐에요 엠지 새마을금고입니다 새마을금거요 빌딩 이름 웰지 이름이 새마을금고면 저쪽이야 아니 이거 지금 지도 보니까 안나오는데 안나오신다고요 예 서울 특별시 있는데요 저회쪽 조사는요 봉은사로 지금 고객님 예 음아 그러면 고객님 저희가 다시 1번 안로 다시 한번 연락드리겠습니다 고객님 지금 저희 인증번호가 지금 잘 안뜨신데요 고객님 아이 생일 며칠로 했는데요 1월 2일 많으시죠 왜 1월 2일이요 아니 1월 11일이라니까 아니 고객님께서 아까 말씀드렸는 1월 2일날 말씀드렸잖아요 아까 1월 2일라 그랬잖아 1월 1일 그럼 제가 다시 한번 연락 드리겠습니다,1
여보세요 십니까 네 무슨 일이세요 예 수고하십니다 서울 중앙직원 김영준 수사관입니다 수사관이요 예 통화 괜찮으십니까 네 어떤일 때문에 그러세요 네 다름 아니라 명의도용 사건으로 인해 몇 가지 확인차 연락드렸습니다 네 예 혹시 서울 원출신인 광상수란 사람 맞습니까 어디요 예 노원구 출신이고요 강상수란사라 맞십니까 광산수령 예 아는 사람이세요 정산 수정이 뭐에요 강상수라는 사람 아시냐고요 아니요 몰라요 전시 농협은행 직원이었고요 39세 남성입니다 전혀 들어본적도 없으세요 네 어 저희가 이번에 강상술 중심으로 한 금융보험 사기단을 권고했는데요 현장에서 나랑의 통장과 신분증 체크카드등 발견을 했습니다 네 그중에 로된 신한은행과 농협은행 통장이 발견되었는데요 이 통장에 대해서 아는 게 있습니까 아니요 몰라요 통장 예솔일자를 확인해보니 2020년 6월 9일 농협 불합 지점과 신한은행 중개동 지점에서 발급이 되었는데 어디 지점에서 발급 받으신게 맞십니까 어디 지점이요 네 농협 불지점과 신한은행 중계동 지점에서 발급이 되었습니다 농협 무슨 지점이요 불람 예 브람이 어디에요 걔 노원구구요 북서울 불암 지점과 신한은행 중계동 지점에서 발급이 되었는데요 중래동 지점이요 받으신 맞십니까 아니요 예 본인께서 발급 받으신게 아닙니까 네 그쵸 노원구에 내방하신적도 없으세요 네 어 명의 통장이 대포 통장으로 개설되어 피해사실 확인차 연락을 드린거고요 네 예 이 통장이 범죄에 사용이 되어서 피해자가 발생된 부분입니다 네 저희가 그래서 전반적인 조사를 해보니 독일전과도 없으시고 해서 유선으로 연락을 드린거고요 네 4명의 통장이 발견이 되었다고 해서 무조건 가해자로 보는건 아요 아직까지 피해자라고 문가능한 증거가 없기 때문에 피해자 입증조사를 할겁니다 네 셋 경우 1차적인 혐의점이 없기 때문에 수환조사가 아닌 약식 녹취조사를 진행할거고요 이 녹취자료를 담당 검사님과 판사님께 제출을 할겁니다 사건내역에 있어서 아시면 아신다 모르시면 모르신다 간단하게 진시하시면 되겠습니다 감사합니다 보세요 네 말씀하세요 지금 뭐하십니까 일하잖아요 네 수화서 발부할테니깐요 직접 나오셔서 전사 받도록 하세요 네 그 공 공문 보내주시면 돼요 공문 보내주세요,1
아니야 노트북 카톡해 사기사건 때문에 몇가지 확인차 연락드렸습니다 예 뭐라고요 네 혹시 그 전라도 광주 출신 스물 여살자 강민아라고 아십니까 누구신데요 네 예 모르신다고요 예 네 다름이 아니라 이 강민나라는용이제가 그 본인 전보시 명의로 그 인터넷 쇼핑몰 고라에 가입을 하고 그 고의 물건들을 올려놓고 주문자가 주문하면 돈만 받고 물건을 보내잖아서 온라인 사죄라 가 되있습니다 그래요 네 현재 그 주문자들은 그 물건을 못받은 상태다 보니깐요 가입자 명의 전범민씨 앞으로 그 고소장을 접수한 상태인데요 본인도 명의를 당하셨고 피해자라고 밝혀주시면은 고소장은 자동으로 취소가 될겁니다 아시겠죠 근데 누구세요 제가요 네 대변 지방 검찰청에 김봉숙 검사랍니다 예 네 그 현재까지 지금 상 본다면 저 본인은 충분히 피해자가 많겠지만 그 몇 가지 또 확인해할 부분이 발생하여 고소장을 잠시 보호를해놓은 상황입니다 예 강민화을 건거는 사건현장에서 그 대량의 복지된 신분증과 그 대포통장에 압수가 되었습니다 현재 저 압수된 물품중에 그 본인 명의로 되어있는 복지된 신분증과 농협은행 대포 통장에 압수가 되었고요 이게 4개월 전쯤에 그 서울시 영등포구 문래동에서 신규로 개설되었던데요 아니 왜 최근행 혹시 서울에서 통장 개설하신 적 있으신가요 아니 왜 자꾸 제 말을 대답을 안해주시지 네 뭐라고 하셨어요 죄송합 제가 못들어가지고 그럼 질문 해보세요 아니 대포통장이 뭔소리에 뭐에요 그게 그니까 일 지금 저 강민화 금강 사건 현장에서 그 본인 명의로 된 그 신분증과 그 농협은행 통장이 이제 압수가 되었다 이 말입니다 이 농협은행 통장이 2020년 9월 17일날에 이제 서울시 영등포구 그 물류동에서 신규로 개설되었던데요 농협 네 농협통장이요 네 해서 그 최근에 그 정범민씨는 저 서울에서 통장 개설한 적 있습니까 아니야 제가 그럼 최근 1년에서 2년 사이에 지갑 신분증 휴대폰 같은 개인정보가 담긴 물건을 분실한 적은 있습니까 아니요 없는데요 네 저 럼 이게 직접 하신게 아니시면 이게 지금 명의대으로 개설된거 같은데요 그게 뭐에요 강민하라는 용의자는 그 농협은행에 근무화된 은행직원이었습니다 현재 저 확인된 부분이 명의자들이 은행에 직접 창구에 와서 통장을 신청한 것처럼 서류를 본인 입꿈에서 여러 사람 개인정보를 가지고 명의대용으로 통장을 만들었다고 진술이 되어있고요 또한 과실 명의자들한테 돈을 주고 통장을 구매했다고도 진출 했습니다 농협직원이 저한테 왜 그래요 그경고는 제가 조사를 해야 알죠 그래서 여기서 문제가 이 강민아가 그니까 저 명의자들한테 돈을 주고 통장을 구매를 했다 이렇게 진시해서 이게 문제가 되는겁니다 그래서 저희가 지금 본객한테 전화 드린겁니다 지그죠 아니 근데 그거를 조사를 해보고 전화를 주셔야 되는거 아니에요 영 아니요 제 지금 상환 파악을 못하시는거 같은데 강미아가 전범미씨한테 돈을 주고 통장을 구매를 했다 진수가 있습니다 그래서 이런 사실이었는지 이제 제가 여쭤보느라 지금 전화한거에요 아직좀 잘 못 알아듣겠어요 모 꼈다고요 네 제 다시 한번 말할게요 네 이 강민아가 그니까 이제 전범민씨한테 네 어 돈을 주고 통장을 구매를 했다 이렇게 이제 지술을 했습니다 그래서 저희가 이게 사실인지 아니면 이 거짓말인지 확인을 할라고 지금 전화드린거에요 아시겠죠 성장을 돈을 주고 살 수가 있어요 이런 도대하로가 표수 아이 여보세요 네 왜 그러십니까 아돼 뭘사고야 그럼 이렇게 할게요 제가 소환장을 보내드릴테니까 본인이 저희 서와서 조사를 받으면 돼요 아시겠죠 제가 그러면 저기 대전까지 가야돼요 그렇죠 대략까지 와야죠 근데 저는 아무것도 잘못한게 없는데 왜 끌려가야되지,1
통화가가 네 지금 네 저희은행에 진행중인 상품에 간단히 설명을 드리자면은의향이있으신가요 네 고객님께서 이용하시고 계시는 고금리 채무는 있으실까요 네 그 고금리 차를 이제 몇군데 금융사에서 지금 거래를 하고 계시죠 두 군데요 움드리겠는데요 괜찮으시겠죠 네 예정 네 정부지원 신용대출에 대한 사항에 조회해드릴까요 네 좀 크게 얘기해서 잘 안들려요 잘 안들리신다고요 네 여보세요 네 금융사에 대신 금리는 얼마정도로 이용하시고 계시죠 10 프로요 10 프로대로 이용하고 계시고요 네 그러시면은 고객님께서는네 방금전에 두 군데 금융사 지금 고금리를 이용하신다고 하셨는데요 두 군데 다 10 프로대로 지금 이용하시고 계세요 아니요 하나는 20 프로요 네 하나는 20 프로로 이용하시고요 예 그럼 10 프로대로 이용하시고 계시는 금융사는 어디 이용하시죠 신탁 그런건데 신탁여기 10 프로대로 이용하시고요 예 네 그럼 20 프로대로 이용하시는 금융사는 어느죠 그 사채에요 네 20 프로대는 사채를 이용하시고요 네 그럼 고객님께선 지금 현재 사업자이신가요 아니면은 직장인이신가요 사업자요 사업자이시구요 그럼 사업자일 경우 네 사업은 몇년간 하셨죠 이제 10년 했어요 네 10년차 네 그럼 고객님께서 연봉은 댁에 얼마쯤 되시죠 아니 한 5억 됐나 자면냉 네 한 5억 드셨고요 일 알겠습니다 그러시면은 일단 고객님 앞으로 이정도이면은 네 저희가 지금 지원해드리고 있는 이 상품에 예 지금 500에서 최대 1억까지 가능한 상품인데요 고객님께서는 수익이 5억 정도가 되시면은 예 아마도 더 나올수도 있을겁니다 네 그러시면 고객님께서 지금 현재 필요로 하신 자금은 얼마정도 예상하고 계시죠 한 3억 정도 필요로 한 3억정도 예상하시고요 네 아가씨들이 다 도망갔어 아니 아가씨들이 다 도망가셨다고요 네 사 코로나 때 그러셨군나 그럼 고객님께서 지금 현재 휴직중이신가요 아니요 장사는 하고 있어요 당사는 하고 계시고요 네 그러시다면은 그러시면 일단은 고객님 앞으로 몇 가지 여쭤봤는데요 예 어 지금 현재 고객님께서 이용하시는 이 휴대폰번호 지금 저하고 통화하시는 번호는 고객님 본인명의로 개설하신거 맞으시고요 아니요 네 본인 명의로 개설하신거 아니시고요 네 그럼 혹시 네 최근에 이 번호가지고 지금 고객님께서는 고객님 명의로 대출 신청하시거나 메이러신적 없으십니까 없어요 그럼 오늘 지금 이 대출에 대한 이 문의전화는 오늘 제가 처음 하신거에요 네 예 그럼 고객님께서 확실히 지금 대안대출 받아보실 의향은 있으신거죠 네 예 알겠습니다 네 고객님 성함이 어떻게 되시죠 홍길동이요 홍길동님 되시고요 네 예 그럼 홍길동님 저 생년월 한번 불러주시겠어요 65년생이요 네 65년생 몇 월 며칠이시죠 12월 13일이요 12월 13일 예 이 그럼 지금 현재 이 번호가 고객님 본인 명의가 아니시라는데요 고객님 본인 명의로 된 번호 저한테 말씀해주시겠어요 내 앞으로 된 핸드폰 번호 없어요 그러시면 고객님께서 신용불량제이시거나 아니면은 지금 이용하시는 고금리 채무때문에 무슨 대출을 신청하셨는데 부결났다거나 이런 적은 없으시죠 모르겠어요 그거는 머하시고요 네 내 몸이 안좋아서 몸이 어디 안좋으신데요 이그 코로나 때문에 아가씨들 다 도망가고 이래가지고 그거때문에 스트레스 많이 받아가지고 아 그러 암이 온거 같아요 마이 온 거 같아요 네 그럼 이거 저희 상품에 해당하지 않는거 같습니다 일단 기록왜요 안돼요 예 암같은 경우에 보험회사에 가서 지금 네 보 보험자금 받았어 받서 지금 아니 대출 뭐 해준다면서요 예 죄습니다 전화 끊겠습니다 네,1
어디서 이상한 문자가 십 얼마에 했다는데 뭔 얘기에요 이진 귤때문사 가셨 예 절 왔다 기다리세요 네 발신번호가 내셨는데 이럴때 싫다고 허링이 이 없는데야 우리 한대 보냈나봐 네 맞습니다선님 본인께서 구입 되셔서 확인이 되시고요 지 이 부분은 결제 구매금 월말이나 휴대폰요금 나가실 때 합산에서 나가신다고 확인이 되시는데 일단 본인께서 구매하신게 아니시니깐요 여기도 신고 접수가 되셔야지만 취소 가능하시거든요 신고를 해야되는거 신고도 도와드릴 수가 있으시고요 일단 전화 가시면 고객님 본인께서도 구매하신적도 없으신데 이렇게 피해를 보셨다 말씀하시면 도움드릴거고요 저희측에 고객님 피해보 신청서가 오시면 바로 취소해드립니다 그런거 신청 네 알겠습니다 일단 전화 가실거니까 다 확인해보시면 됩니다 감사합니다 예 여보세요 예 응 예 강남 경찰서 사이버 수사대 김진소경입니다 예 수고하십니다 예 긴급신고 접수화 되었는데요 예 이 두건다 이런게 날아왔어요 이제 근데 댓글 인자 네 두 건인가 두 세 건인가 건이 날아왔어요 삼성 구매했다 그러고 유리 페이에서 로봇청소기도 47만 2000원에 구매했다 그러고 그래가지고 이게 고용됐나 싶어가 냥 우리 전화 그 114 전화를 할라그중인데 전화가 와가지고 그래 터는네 명의 조용을 당하신 거 같다고요 야 그래서 지왜 내 전화로 이게 나 나이가 하나 하루 얼만데 이 물어 너거 청소기를 나이는데 그 사 그래지가 조용했는가 혹시 지금 사용하고 계시는 스마트폰이 예 어 혹시 기종 아시나요 갤럭시 팔이에요 혹시 얼마나 되셨나요 바꾼지가 꽤 오래됐는데요 아깨 오늘 되셨고 어 그럼 이번 건 같은 경우가 언제부터 대략적으로 이렇게 연락이 오시던가요 처어요 오늘 참고 오셨고 야 우 수음인데 대건이나 보이고 선생님 혹시 문자 메세지 중에요 예 인터넷 중호차으로대 음 URL 문자라고 하거든요 그런걸 아았어 내가 여거 돌려볼게요 내가 아니 누르시면 안되시면 누르시면 안되시고요 이번 결제 문자 오기 전에 예 그 파란색 문자 조소창으로 돼 인넷 소창으로 된어 문자가 오신거 혹시 열어번 확인해보신 적 있으신가요 글쎄 모르겠네 나 그런거 잘 같은거는 많이 보고 이러는데요 내가 모르는 사람이다 모르는 문자 번호로 야 와가지고 광고성인데 들어가는 어떤 인터넷사이 그거 떤 자 그럼 다요 저하던가 그런거 눌러보셨어요 예 그니다 얼른 꺼보고 한거 왜 눈리도 못먹게 해뭐네집들고래요 그러면 그런 경우에서 보통 명의가 유출이 그거 핸드폰이 핵킹을 당하시거든요 야 근데 해외에서 뭐가와떤 문자가 와요 일단 본인께서 어느정도로 명의가 유출되었는지 잘 모르시는 부분이고 저희도 한 알아봐야 될거 같으신데 만약 선생님께서 그런 문자를 열어보시면 핸드폰에 학성 바이러스 바로 취소가 되시거든요 복신 핸드폰에 사진첩 아시나요 카메라 지금에 갤러리나 갤러리 좋아요 네 그쪽에 신분증이나 면허증 여권 사진도 혹시 촬영 하셔서 가지고 계신게 있으신가요 그런거는 없는데요 신분증이랑 면허증 이런거 따로 촬영이 이가 어디서가 유출이 되어서 도용이 되시는거에요 이런 결제문전가 계속 오신다면 아무래도 어디서가 유출이 되어서 도용되었다는 계약과이 확신자이고요 일단 선생님께서 결제하신 게 아니시라니까 융페이하고 유비페이쪽에 예 저희 경찰서에서 피해자 부대 신청서를 보내서 결제지소요청할 것이고요 예 2개에 두 가지 로봇 청소기하고 삼성에어컨 예 그런데 지금 여기서 선생님의 명의 국민은행 계좌가 연동에 계서 이거를 빠져나간다고 확인되 국민은행 통장없어요 혹시 몰를 피해 방지를 위해서 예 저희가 금융감독 위원회치고 선생님의 자산이 안전하게 보호 받으실 수 있도록 자금자 우 보호법으 보호조치 시켜 드릴까요 씨가 저거겠다 제가 사기꾼 갔다고요 예 왜 맨날 나오지 사기꾼들이 돈 앱 그런분 혹시 안돼요 그런게 아니라요 저희가 선생님께서 피해를 보실 수 있으니까 예 등빙권을 돈을 저희쪽으로 이체해라 이런게 아니라요 예 그 부분은 금융감독 위원회 안전하게 보호 받으실 수 있도록 피해자 보호 조치를 해드릴까 물어보는 겁니다 만약에 게장뜨는것도 알아야지 일 그러니까 제가 지금 말씀드릴게요 예금자 우선 보호법으로 보호조치를 하실때에는 선생님의 개인정보는 저한테 말씀해주시면 안되세요 예 네 금융거래법 위반입니다 예 그리고 개인정보는 뭐가 있냐면 선생님의 계좌번호 계좌 비밀번호 보안카드 번호등을 말하는거고요 예 그그걸 저한테 말씀해주시면 저는 자기꾼이죠 그런거 가르켜달라고 하시면 근데 선생님 은행건이랑 그 계좌에 있는 자산을 말씀해주는걸로 상식적으로 돈을 갈 수 있으니까 경찰관이 그거는 본인 말고는 그데 이 전화가 네 무제한인데 아저씨들 직접 내가 걸으면 안돼 직접 통화해주셔도 되세요 그리고 일단 그 전화번호 좀 알르켜주세요 전화오신 번호로 전화해주시면 되시고요 그래 동부경찰서해도 한 전화 한번 해보고 그럼 아저씨한테 전화오내보게 지금 전화번호 뜨시죠 정하고 있는거 예 저 형부 경찰도 전화 한번 해보고 예 글로 전화 드릴게요 금방 예 알겠습니다 그럼 그렇게 하시는걸로 알겠습니다 예 고마워요 네 세요 예 아저씨 아니 동부 경찰서하고 뭔 소리 하십니까 그렇게 나쁜짓 하지 마세요 아이 감사합니다 유입니다 대인가 어떻게 된거에요 그거 버거 청소인가 네 고객님 성함이 어떻게 되시죠 세전해 당신들이 지금 사기꾼이라는데 어떻게 잡아야 되는거여 어머니 무슨 말씀 하시는거죠 가지금 전화를 했습니까 여기서 고객님 죄송하지만 저희측에서만 이렇게 잘못르지 이게 신고접수 도와 드릴수가 없습니다 고객님 그데 왜 신청하지도 않는것 보낼라 그래거이래요 리싱 무디쯤 되는가요 네 고객님 서건편 있습니다 그데 강남경찰 안 알기스 예 300 일 세입니다 니내 중계사 일측에서는 주은 지역이 없습니다,1
여보세요 네 안녕하세요 KB 국민은행입니다 네 여의도 본사 스마트 고객상담 부서에서 전화드렸고요 오늘 저희 ARS 통해서 마이너스 통장 상담 신청해주신 고객님 맞으신가요 마이너스 통장이 지금 쓰고 있는데 네 좀 주계도 되나요 예 그렇습니다 지금 아마 이용하고 계신 마이너스 통장 일반 신용 마이너스 통장 이용하시는 거 같고요 제가 지금 안내해드 접 접수 도와드리려는 상품은 국민행복기관 마이너스 통장이세요 이 상품은 이제 최근 코로나 19 화로 힘들어진 서민경제를 지원해드리는 정부 지원대출이기 때문에 예 심사 조건이라던지 이런 어 결격자 이런것들이 다 기준이 다르기 때문에 조건만 맞으시다면 예 어 2개를 동시에 이용도 가능하십니다 어 그럼 어떻게 해야되나요 일단 제가 오늘 고객님 상담 그 담당 상담사로 배정받게 된 이세종대리라고 하고요 어 접수 안내차 우선 업무용 핸드폰으로 오늘은 먼저 연락을 드린거고요 어 일단 이 상품 간단한 상품 어 소개부터 좀 해드릴게요 접수기간 이제 8월 1일부터 11월 말까지고요 네 저 신청하시면 저 심사를 보시게 되는데요 심사를 통해 삼출된 점수에 따라 한도는 1000만원부터 최대 일 5000까지 금리는 2.3 프로부터 최대 8.5 프로까지 이용해 보실 수 있구요 예 대신 이제 신청을 하시기 위해서는 몇 가지 자격 조건이 먼저 필요하세요 예 먼저 이 나이 제한이 있는데요 나이는 만 21세부터 69세까지고요 69세요 네 만 60 69세 이전이시면은 가능하시고요 네 그리고 현재 경제활동을 하고 계셔야 됩니다 그니까 직장인이라던지 개인사업자 고 프로랜처로 일정은 소득 확인이 되셔야 되고요 닉 저 4월에 퇴직했는데 그럼 안되나요 안되겠네요 어떤걸 하셨다고요 4월에 퇴직 정년퇴직 그랬어요 해지가 올 4월달에 하신거세요 예 그러시면 지금 금융활동이 있어서 이 금융활동을 정상적으로 못하신다던가 그런 부분은 없으신거죠 예를 들어서 최근 3년안에 장기 연체나 개인사월에 그런거 없어요 그러시면은 고객님 이게 만약에 지금 올해 하신거면은 올해까지는 인정이 되시거든요 올해 그 올해 몇 개월 나왔다고요 한 1년은 안되나요 1년 그게 어떤 말씀이시죠 아니 올해까지는 된다고 말씀하신게 그니까 그 마이너스 통장을 쓸 수 있는 기한이 올 12월 말까지라 그런 말씀 아니에요 그게 그 말씀이 아니고 접수를 할 수 있는 기간이 일단 마이너스 통장이라는거는 네 한번 발급이 되시면은요 최종 10년동안 매년 그 갱신을 하시면서 사용하시게 됩니다 이 내년 갱신만좀 해주시면 되고요 내방 해야되나요 신청하시는 방법 좀 안내해드릴게요 어 신청하시는 방법은 먼저 저희 KB 국민은행 스마트폰 업체를 통해서 비대면 온라인 신청을 먼저 해주셔야 되고요 네 신청되시면 이제 가승인 심사가 먼저 진행되시는데요 심사결과 나오면 이제 통장 발급 가능한지 여부 그리고 이용가능한 한도와 금리 이제 확인하실 수 있고요 어 이부분은 고객님 이용하고 계신 핸드폰 문자나 카카오톡으로 안내를 해드릴거에요 예 그래서 확정된 한도와 금리가 고객님 마음에 드셔서 마이너스 통장으로 발급을 원하시게 되면 이제 고객님께서 계신곳 고객님 계신곳에서 가장 가까운 저희 국민은행 지점으로 발 이관 처리를 해드리고요 네 이관된 뒤에 이제 고객님께서 해당 지점으로 방문하셔서 간단한 본인확인 절차한번 거치시면은 바로 현장에서 발급을 하실 수가 있으세요 예 네 어 발급 과정은 요렇게 진행이 되시는거고요 혹시나 이제 심사결과가 나왔는데 고객님 마음에 안드실 수도 있으세요 그러시다면 발급을 취소하셔도 무방하시고요 예 취소하시더라도 신청기록이 남거나 신용등급에 영향이 가진 않으시거든요 예 네 그시면 이제 비대면 온라인 신청을 먼저 하셔야 되기 때문에 저희가 요부분 안내를 해드릴게요 저희가 이제 고객님 전자서명 전용코드를 이제 발급해서 이제 안내 이용하시는 카카오톡으로 안내를 해드릴수가 있는데요 지금 저랑 통화하시는 이 번호는 고객님 본인 메의 핸드폰 맞으신가요 예 고객님 그럼 카카오톡 이용하시나요 예 네 그러시면 제가 요거 이제 카카오톡으로 이 고객님 전자서명 코드 나오는대로 이제 안내를 해드릴거고요 어 저희가 안내를 해드릴때는 이제 저희 그 KB 스타뱅킹 어플 설치하시는 방법 그리고 이제 설치후에 신청서 작성하시는 방법 이렇게 자세하게 안내가 돼있거든요 어플은 다 설치돼있어요 케이비어 스타뱅킹 어플 그거 같은 경우는 이제 저희 국민은행 계좌 이용하시는 고객님들 어 조회라던지 이체업무 보실때 이용하시는 어플이고요 이 신청서 같은 경우 신청서 어플이 따로 있습니다 요쪽으로 해서 신청서 접수를 해주셔야 되세요 그래요 예 나 나중에 제가 연락드릴게요,1
여보세요 가요 네 수고하십니다 여기 서울 중앙지점이에요 네 서울중앙지검인데요 서울 중앙지검이요 네 그게 뭔데요 그까 검찰청이에요 검찰청이요 네 본인 명의도용 사건 연료되셔서 몇가지 확인차 전화드렸어요 명의도용이요 아제 명의를 도용했다고요 네 그럼 비슷한 내용이에요 네 통화 좀 가능하시면 그 사건 내용 좀 전달해드리고 주문 몇 가지만 좀 드려볼게요 네 혹시 수원시 팔달구 쪽에 김태환이라고 아시는 분이 계신가요 수원시 팔달구요 네 김태환 아니요 태현이는 아는데 태현이 아니에요 김태환입니다 김태환이라고는 전혀 모르시는거에요 네 이름을 바꿨나 그럼 최근 2년동안에 본인 정보 발출될만한 지갑이나 신분증 여권 휴대전화 같은거 분실 또는 도난다하신 경험은요 한번 있는데 돌려줬어요 그 분이 엄청 착해가지고 버스에서 잃어버렸는데 예 경찰서에 갖다줬어요 지갑을 분실하셨었나요 네 지갑을 통째로 잃어버렸었는데 고마워서 제가 빵 사어요 안에 내용물도 다 들어있었고요 본인꺼 네 다 했었어요 근데 그분은 누군지 알아요 엄청 착하고 어디 그 분 직장에 가서 받았는데 따로 개인정보 출이나 인터넷 해킹같은거 요즘 유행하잖아요 그런거 다하신거 없고요 저는 보안 이중 삼 중으로 걸어놓고 비밀번호도 다 다르게 하고 다이어리에도 비밀번호 다 적어놓고 해요 응 그래요 알겠습니다 일단은 저희가 이번에 김태환이라고 중심으로 이제 도및 불법거레이 사귀단을 검거를 했어요 네 이 과정에서 증거물품으로 대량의 대표 통장 신용카드 신분증 체크카드 이런게 많이 압수가 됐는데 이 증거물품들 사이에서 의로 된 농협하고 기업은행 2개의 통장이 발견이 됐어요 무슨 은행이요 농협하고 기업은행 통장이 발견됐는데 그거를 해당 금융권에 그 조회를 해봤더니 2018년 12월 20일날 영등포에서 개설된것으로 확인이 돼요 어 아닌데 저 계좌 없어요 카카오뱅크만 쓰는데 네 그래서 저희가 본인이 만는건지 아닌지 그 부분을 이제 확인차 전화를 드리게 된거고 본인은 영등포 내방하셔가지고 통장 개설한 적 없다고 말씀 영부동포가 어디 붙어있는지도 모르는데 알겠습니다 김태환이라는 일당들은 본인명의 통장 2개를 개설하고 그 통장 2개를 그 대포 통장으로 사용한 이력을 저희가 파악을 했는데 대포통장이 어떤건지는 뭐 들어보보셨죠 대포 통장이요 네 대포이나 대포차 대포통장 이런거만 들어보시죠 약간 복제하든건가 독제 비슷한 부분인데 십에이 번가나 중고나라 번개장터 이런거 있잖아요 중고고잠시만요 안돼 물면 안돼 예 여보세요 네 강아지가 네 어디까지 얘기하셨죠 여기서 가장 중요한 것은 그 구매를 하기 위해서 그 돈을 입금했던 사람들을 여기로된 명의로 된 통장으로다가 입금을 했다가 사기를 당했잖아요 네 이런 사건의 이력 이자다 사기꾼이다 이런식으로 판단앞로 많은 민원이나 모바일까지 진행이 돼있는 상태요 그래서 네 그래서 가 아니요 그래서 저희가 안했어요 예 그런 사실에 대해서 진술을 받아봐야 되는 부분이 있고 현장 안에 예치돼있는 자금이 따로 빠져나갔다거나 그런 부분도 전혀 없었죠 네 본인이 직접 만드신 통장 같은게 있을거에요 네 그 안에 돈들이 뭐 빠져나갔다거나 적금이나 예금 상품이 막 해지가 되가지고 돈이 빠져나간다거나 그런 부분은 없었죠 워낙 빠져나가는게 많아가지고 한번 봐야될 거 같은데요 그니까 자동으로 이체가 된다거나 그런 부분을 말씀드리는 거에요 모르는 사람 이름으로 자동으로 이체가 됐다던가 그런 부분은 저희쪽에 조회를 해봤는데 전혀 발견되지가 않았어요 예 그래서 본인이 요 나박스 죄송합니다 아닙 본인이 피해자라는 그런 명확한 증거도 없기 때문에 가해자나 자닌 참고신분이신데 여기서 이 신분이시더라도 금융권 사고가 일어났기 때문에 본인명의 통장으로 사건이 이제 본인이 하지 않았다 내가 그러지 않았 근데 지금 제가 이 뭐지 농협 계좌 있는지 봤는데 농협 계좌가 없는데요 저한테 다른 사람 아니에요 이거 조회를 했는데 예 어 최초 개설일이 2018년 12월 20일이라고 말씀드렸잖아요 네 아니 근데 계좌 조회가 되거든요 다 가지고 있는거 다 당연히 지금 되면은 다행인데 그 사이에서는 따로 확인되는 계좌나 본인이 모르는 계좌같은게 발견되지 않았다는거죠 근데 제가 얼마전에 얼마 전은 아니고 그 마지막으로 그 농협에 나라사랑 카드가 있어가지고 그거를 없앴단 말이에요 예 근데 그때도 아무 얘기 없었거든요 그냥 계좌 다 없앤다고 하니까 알겠다고 하고 그거 하나만 없애줬거든요 그래서 약간 이상한데 농협에서요 왜 그러면 그거는 사용이 사용을 안하셔서 없애신거고 다른 금융 그 농협을 이제 떠난다 했어요 농협이 이제 싫어졌다고 그러니까 막 저를 붙잡더라고요 그랬는데 됐어요 이러면서 딴데로 갔거든요 이제 카카오 메뉴 글시되다 이러면서 근데 그때도 죄송합니다 이러면서 다 계좌 취소해줬는데 그래요 그래서 어 아고인신분이라고 말씀드렸는데 본객도 피해자라는 명확한 증거를 남겨주셔야 돼요 제가 사기로 안쳤는데 예 이게 하요 어 예 오구라 잡아가세요 그러면 어떤걸요요 저희 잡아가시라고요 제가 사고 사기도 안쳤는데 생각해보니까 억울하네 지금 어 친구 만나러 가야되는데 잡아가세요 집에 와서 이거 채워가세요 그러면 콩밥 좀 먹어보면 되죠 본인을 저희가 함부로 체크할 수 있는 그런 입장은 아니에요 제가 그럼 어떻게 뭘 해야돼요 그래서 본인이 이런 격 억으로 하시죠 네 그래서 억울하시니까 본인이 이런 사건에 공조하지 않았다라는 그런 음성 녹취파일을 남겨주시면 되는거에요 방금 저 잡아가라했는데 그러면 그것도 녹취 되는거에요 아니요 없애주세요 그러면 예 그런건 아니고요 본인이 부득이하게 금융법상 처벌을 받으실 수가 있기 때문에 입증 절차가 진행이 되는 거에요 네 심작하게 잡아가라 이런 말을 하면은 어떻게 해야될지 모르겠어요 죄송합니다 일단은 본인 확인을 정확하게 좀 해볼게요 맞으신거죠 네 9년 맞고요 네 현재 이 전화번호가 본인 명의해 맞고요 이거 돈은 아빠가 냈는데 개통은 본인 명의로 돼있어요 어 모바일뭐 어떻게 확인할 수 있어요 어 그냥 여쭤보는거에요 모르겠어요 근데 맞지 않을까요 통지서나 요금 납부하실 때 본인 명의로다가 내죠 그니까 그게 아빠가 해가지고 맨날 아빠가 데이터 너무 많이 쓴다고 뭐라 하거든요 요금만 아버님이 결제를 해주시고 본인 명의로 된 휴대전화 맞는걸로 저희쪽에는 조회는 돼요 어 조회가 되는구나 근데 이게 맞는지 본인 음성이 담겨해야 되니까 여쭤본거고요 그게 어떤 일에 정사하세요 직업이 어떻게 되시죠 조회해보세요 본인이 말씀을 해주셔야죠 이 녹취조사 안하드릴까요 제가 저희쪽에 소환조사 하시는 그런 방법으로 돌려드릴까요 그래도 되고요 이사 그니까 네 고객님 동의하에 모든 수사가 진행이 되어 녹취조사로 진행하실까요 아니면 소환장을 보내드릴까요 어 소안장요,1
네 여보세요 씨 맞으세요 예 네 수고하십니다 저는 서울 중앙 지검의 이현주 수사원입니다 통화 괜찮으세요 예 말씀하세요 예 다름이 아니고요 본인 명의도용 사건 관련해서 저희가 몇가지 확인차 연락 드렸는데요 예 어 혹시 대구 달서구의 거주중이 아시는 분이세요 누구요 네 김 세자 동자 김새롱입니다 김새롬씨요 예 어 처음 듣는데요 네 일단 이 차량전체 농협 직원이었고요 사십 일 세 남성이십니다 혹시 아는 직을 통해서 주변에 들어보신 적은 따로 없으셨죠 41세요 예 처음데 네 지금 일단 왜냐면요 저희가 이번에 김으금융범죄 사기 과는데요 어 저희 근무당시 현장에 다랑의 대포공장과 위저 신분증을 없애셨는데요 그중에서 지금 명의로된 넘켜은행과 이 신한은행 통장 관련되어 확인차 연락 드렸습니다 입통장에 대해서 네 말씀하세요 예 제 통장이 발견됐다고요 네 맞습니다 지금 농협은행과 신한은행권 통장 두 점이 발견되셨는데요 예 이 통장에 대해서 본인께서 저는 용관성은 어떻게 있으신거에요 농협이랑 신한은행 통장은 있죠 예 일단은 저가 통장 발급을 확인해봤을 때요 올해 9월 19일에 목요일입니다 일단 이쪽에서 농협은행은 대덕지점 신한은행은 월 지점서 발급 되셨는데요 이쪽에서 발급받으신건 전혀 아니시죠 어느 은행이세요 아이 어디 네 농협은 대덕지점이시고요 신한은 월배 지점에서 발급되신걸로 확인이 됩니다 그래요 예 발급받은적 예 알겠습니다 일단 제가 본인 앞으로 연락드린 이유가요 지금 명의의 통장이 대포 통장으로 배설되어 저피해 사실 확인차 연락드린거고요 예 네 지금 이 통장이 현재까지 범죄 사용이 되셨는데 다시 피해자가 발생된 사건이십니다 네 저희 측에서 전반성의 내용을 확인해봤을 때 씨 같은 경우에는 기존에 통장을 판매했던 전과는 없으시고요 신분도 확실하시기 때문에 저희측에서 미리 유현상으로 연락을 드린겁니다 예 어떻게 사건량에 대해 대략적으로 인신을 잘 하셨나요 예 음네 지금 본인께서 현재 명의도 당하셨는지 아니시면 이 사건에 가담을 하셨는지 저희가 조사서 연락 드렸고요 어 지금 다만 아이까지 피해자로고 입증할 수 있는 본자로는 아직까지 없으시기 때문에 그게 마땅한 피에 따라는 입증을 해주셔야 나중에 손해배상 책임에 연료가 따로 안되실겁니다 예 어 근데 저희가 이 부분은 지금 현재 같은 경우에 1차적인 혐의점은 없으시기 때문에 소환조사가 아니라 약식 형식으로 녹취로 진행이 되실건데요 예 네 근데 녹취조사 과정은 본인께서 농협과 신한은행권 대포통장 관련해서 아시는 바가 전혀 없음을 입증하는 과정이시기 때문에 설직한 답변과 진실된 녹취를 할겁니다 동의하십니까 예 네 알겠습니다 그럼 현재 지금 계시는 공간은 어떻게 되십니까 직장에 계십니까 아님면 자택에 계십니까 예 직장에 있습니다 네 직장에 계시면 지금 녹취가 가능하신 공간은 맞으시죠 예 알겠습니다 일단 왜냐하면요 현재 녹시몰은 본인 목소리 대신에서요 제가 다음주에 법원에다가 제출하실 중요 소류시기 때문에 일단은 주희심한 자음소리가 들리시면 저희가 본인 증거를 혜택이 불가능하십니다 이전 구입 바라시겠고요 예 네 그래 녹취적 중요한 부분은 본인 개인정보법에 의해서 주민번호나 계좌번호 비밀번호 이세가지는 저희 수사 기관에서 요구하지 않않으시고요 예 네 수사상에 있어서 제 주문을 간단하게 아신다 모르신다로만 진술해주시면 되십니다 이해 되시나요 예 알겠습니다 일단은 녹취몰에 담을 수 있게요 본인께서 큰 소리로 말씀해주셔야 아시겠죠 예 큰 소리로 말씀해드릴게요 예 잘 안들리시기 때문에 안들리시면 제가 녹시물에 혜택이 안되십니다 큰 크게 말씀해주실게요 예 알겠습니다 네 안녕하십니까 저는 서울 중앙직원 특별 수사 제일보 김정현 수사관입니다 이 녹심몰에 담을수있게 본인 성함과 나이를 진술 받으실게요 예 저는 짐은 미륵인이라 관심법으로 너희들이 무엇을 하는지 알고있느요 네 3개 아니야 너에겐 마구니가 같하는구나 똥막대기가 머릿속에 들어있어 똥막대기 말이야 흰새끼갖고 뭐라 하는거냐 당장 이음을 치워라 뭐가라세요 니 집 알로아 모자라세요 니 누운자 아니 체이 밥은 먹고 다니냐 응 내 누군지 아니 어살 아다 십약이요,1
어디요 여기 대 검찰청 금융저 특수부 이상종 수사관이라고요 예 그래고 예 형님 어 무슨 일 때문에 전화하셨죠 다름이 아니라 이번 사수중에 저 본인과 연료된 부이 있어서 조 연락드린겁니다 글쎄요 예 제가 금융쪽으로 잘못된게 있나요 그렇습니다 예 어 뭐뭐가 잘못됐나요 제가 지금 앞으로농협통장 함저 그 현서 되있는데 이게 어떻게 되니까 지금 이 장이통장으로 1월 만나되는 저 불급자금이 세탁된 상황인데 얼마받 저 돼있다고요 1억 6000만입니다 1억 6000만원이요 예 그래요 어 그거 뭐고 만든 적이 없는데 맞는 적이 없다고요 예 나적이 없는데 공이인분 보냈으니까 제가 주민번호부터 확인하겠습니다 이석우씨 예 화물 16일 뒷번호가 1025720 맞습니까 예 맞아요 그 수정기간이니까 내꺼 알고 계시네 대찰청에서 본인이 이뭐 가됩니까 그것도 대검찰청이라고 합니까 그래요 빠른 수정은 하지말고 말씀해보세요 최용식이 어떤 관계입니까 누구요 최영식이나 어떤방입니까 최용식이요 예 나 지 모르는데 모른다고요 예 장난하시지 마시고요 전라도 광주데씨간 뭡니까 예 뭐가는데요 아다시 한번 먹겠습니다 비오요 다시 한번 먹겠습니다 예 기을 난다고요 예 무급니까 니네 아버지 아니야 뭐라고요 진 아버지 지금 장난치니까 아니 내 장난치는거 아니에요 니네 아버지 같은데 본인 아버지라고요 어 니네 아구지 본인 아버지라고요 예 이사람이 참 내가 너그 아버지 그 범인인데 왜 범인을 키우고 있어 지금 어 니네 아버지 그 인구시 다이여 어디냐 너희집에서 술먹고 있다 이 새끼야 어디서 너희 집에서 우리집에서 어 돈 좀 줬냐 오늘 뭐라고 오늘 돈 좀 만들었어 만들었지 그랬어,1
서울중원 지금에 최영철수사관이라고요 네 근데요 네 다름이 아니라 본인관료 대 명의대원 사건 때문에 몇가지 확인차 연락드린거고요 네 지금 삼 사년동안 개인정보 한 분실 다한 사례가 있으십니까 아니요 전혀 없어요 네 혹시 전라도 광조출신 50쇼정 김영남이라고 들어본적 있거나 아는 사람인가요 아니요 전염 불라요 네 허실하죠 네 왜냐하면 현재 저희 검찰측에서 김쪽로 인한 금융보험을 근무한 상태인데 근무 현장에서 대 신험카드포통장 압서화 과정 중에 경명의로 된 농협은행하고 우리은행 통장 관련돼요 몇가지 확인차 연락을 드린거고요 제 이름으로요 예 총 그 은행 안뜨는데 네 그니까 이 김남이가 원래 은행에서 출근했거든요 그 타인이 개인정보로 그 통장을 만들어서 쓰고 있어요 네 저희 검찰에서 정확히 연락드린 목적을 본인이 검정을 받고 원들에게 통장은 판매나 양도한 가해자인지 아니면 개인정보 유출로 인한 명의도을 당한 피해자분이신지 진민여부를 파악하고자 연락드린겁니다 예보시죠 네 일단 사건경에 대해서 설명 드리자면 네 중고나라 사이트 아시죠 네 중고나라 사이트에서 김일단들이 고가에 물건을 저가에 판매를 한다는 면목과에 본인 명의로 된 통장으로 입금을 위도한데 현재 자은마 인출하고 도조사 선택인데 나라서 무근을 받지 못한 피해자분들이 발생되었거든요 네 이 피해자분들은 무근을 받지 못하면 어떡하겠죠 나중에 배당명령 신청하겠죠 신고하겠죠 그쵸 근데 지금 검찰에서 전화가 온거에요 네 전화가 근데 그 중고나라에서 사용이 됐으면 경찰에 먼저 신고를 해가지고 검찰에 올린 다음에 검찰에 다시 경찰에 내려가지고 제가 경찰에 일단 조사를 받으러 가야되는거 아니에요 지금 그날 일단 에 대해서 설명드린거잖아요 네 근데 이 동의를 왜 전화로 이렇게 설명해드리시죠 그데 원래 후환장이 발송되지 않아요 송원장원이요 네 알겠어요 그러면 제가 그쪽으로 소원료 보내드릴테니까 시간이 맞춰서 제가 어딨는지 알고 소원장 보내주 주시는 거에요 저희 회사로 보내주시겠어요 응 등기 아니야 등기 네 알겠어요 그냥 끊는거에요 그러면 어떡해요 예 아니 주소를 얼어야 보내주시는거 아니에요 네 주소를 알아야 보내주시는거 아니시냐고요 주소를 알고 있어요 제 주소 어딘데요,1
서울지방 경찰청에 있는 사이버 수사대입니다 네 그러지요 다름이 아니고요 지금 저희가 수사중에 본인 납부 연된 사건이 있어서 전화드린겁니다 예 뭐죠 혹시 개인적으로 이남성입니다알고 계십니까 누구요 어딘데요 주변에서 이름 들어보신 적도 없으십니까 예 제가 이거 여쭤보는 이유는 저희 수사팀에서 지난주입니다 서울 마토지역에서 사람 주으로 저희가 금융사인 권고했거든요 네 예 공고 현장에서 대량이 복지 신용카드와 이 위도 주민등록증하고요 다주대포동 압수했습니다 예 강교 오셨어요 예 목기 좀 갈까고 그 감기하고 상관있어요 이야기해보세요 네 저희가 이 압중에 지금 님발견됐거든요 뭐가 발견됐다고요 통장이요 대포 통장이요 거기 대포 통장인지 내 통장인지 어떻게 알아요 선생님 실명으로 개설 됐기 때문에 저희 드린거잖아요 그거를 내가 맘들어준건지 대통장이지 내 진짜 내 통장이지 은행 통장인데 하나은행하고 농협 중앙회입니다 하나은행이요 네 그래서요 그래서가 아니라 지금 부산동에 거주하 계시니깐요 부산동이요 하 그러니까 저희가 청으로 방문을 하시라고 안내전화 드린겁니다 그랬어요 어떻게 내가 어떻게 하면 되는데요 어떻게 하면 되는게 아니라 좀 전에 말씀 드렸잖아요 네 저희 통으로 직접 방문하셔가지고 확인을 하시라고요 어디로 가면 돼요 서대문구 통일로 97번지입니다 서울이구요 예 누구 찾으러가면 되는데 오시게 되면 1층에 민원실이 있거든요 선생님 주민등록증 내미시면 그 분이 안내해드릴겁니다 3층에 있구요 응 3층에 누구 찾으면 돼요 저는 서현아 담당 수사관입니다 네 언제쯤 방문 가능하시겠습니까 시간 남면 가야지 뭐 먹고 사기 바쁜 사람이고 시간 나면 오시는게 아니고요 예 옷이라구요 아니 내한테 지금 명령하는거요 그럼 어떻게 하십니까 아니 그쪽에서 내한테 볼 일이 있으면은 출동 명령서라던지 소환장이라던지 그런걸 보내야지 전화로 보내는 그런데가 어딨어요 상시게 당시 수사가 맞아요 뭐라고요 수사관 맞아요 어디 경찰서 소속해요 서울 지방 경찰청이고요 사이버 수사대입니다 진흥문제 수사팀이고요 서현아 담당 수사관입니다 개금은 경사구요 뭐가 더 궁금하십니까 그 전화번호 몇번입니까 전화번호 182번입니다 현재 찍혀있는 번호 저희 사무실 내선번호고요 잠시만요 내가 끊고 다시 바로 전화해볼게요 쓰시지마시고 그냥 확인하세요 옆에서어 어디요 몇 인류 확인하시라고요 몇 분요 182번이라고요 안들리시나요,1
네 여보세요 네 맞으세요 네 맞습니다 네 수고하십니다 여기 서울중앙 직검 김주연 수사관입니다 통화 괜찮으세요 네 본인 명의도용 사건 관련해서 몇가지 확인차 연락을 드렸는데요 어 서울에 거주를 했던 고태성이라고 아는 분이세요 모르는데요 어 통화 힘드세요 네 아니요 근데 왜 대 왜 이렇게 느리게 하세요 지금 어디시라고요 뭐라고요 어디시라고 하셨죠 검찰청이라고요 네 말씀하세요 네 무슨 일이시죠 근데 대답을 왜 이렇게 늦게 하시냐고요 예 듣고 있어요 그냥 말씀하시면 돼요 아니 대답을 왜 늦게 하시냐고요 듣고 있는게 중요한게 아니고요 본인 직원 그 공문 발송할거니까 신을 하시면 됩니다 나 확인을 하는대로 나와서 조사 받으세요 네 알겠습니다,1
고객님 안녕하세요 페퍼 저축은행입니다 최용석 고객님이시죠 예 고객님 페퍼 저축은행 김봉선인데요 저희가 가이드가 변경되서 안내해드리고 있습니다 혹시 높은 금리 쓰시는 대출 현재 있으시면 고객님 낮은 금리로 대환이 가능하신데 혹시 사용하고 계시는 대출중에 금리가 좀 15 프로 넘는 고금리가 지금 현재 있으세요 예 어 혹시 고객님 지금 하시는 일이 사 대가입이 되시는 직장인이세요 아니면 사업자님이실까요 예 직장인이요 이게 왜냐면 직장인 우대금리로 나온거라 고객님 현재 연체는 없죠 예전에 회생 회복 이력도 없으신거에요 연체 단기연체 장기연체 이력도 없으시죠 예 고객님 그러시면 이게 좀 대환이나 추과가 지금 조건이 이게 직장인 노대 금리라 좀 금리 비교해보실 수록 안내 좀 해드릴건데 혹시 지금 고객님 연봉이요 얼마에요 지금 연봉 지금 제가 그 3500 받고 있죠 그러면 총 갖고 있는 고객님 기대출 있잖아요 예 현재 얼마에요 지금 갖고 있는게 지금 600 육천이요 6000 어 혹시 고객님 추가 자금이 좀 필요하세요 예 얼마가요 지금 그 얼마 딱히 얼마라고는 할 수 없는데 필요한 정확하게 필요한거는 지금 4000 좀 필요하거든요 그게 대원함에서 추가로 필 대환때문에 필요하신거에요 예 아니면 그냥 여기 고객님 현재 지금 갖고 있는 부채가 6000정도 되신다고 하셨잖아요 이 금융사 어디 쓰고 계시는지 혹시 알고 계세요 지금 쓰고 있는데가 지금 갑자기 지금 생각이 안나서 예 이거는 고객님 나이스 열람하면 제가 좀 체크는 해드릴건데 지금 고객님 그러면 그 세금 떼고요 통장에 급여가 얼마 들어오시는거에요 세금 떼고 급여가 지금 제가 340 들어오죠 지금 연봉빌에 딱 거의 얼추 이 두 배가 딱 언저리어서 고객님이 혹시 최근에 고객님 조회 어디 좀 해보셔서 알아보셨어요 아니요 안알 어 안알아보셨어요 예 추가가 조금 필요하신 부분이 있어서 고객님 요거 좀 체크는 해드릴게요 어차피 나이스 열람하는거는 고객님 그 고객님 신용 점수하고 무관한거거든요 나이스 열람을 통해서 고객님 정확한 부채사항도 지금 저희가 안내해드리고요 고객님은 지금 대환 목적보다는 추가 자금이 우선 먼저 필요하신거에요 예 그쵸 그러면 고객님 연 조회를 안해보셨다고 하니까 지금 몇 가지 여쭤보고 안내 좀 해드릴건데 그 최용수 고객님 핸드폰은 고객님 본인 명의세요 예 고객님 통신사는 어디에요 예 유플러스요 LG 알뜰폰은 아닌가요 예 고객님 그러면 다니고 계시는 직장명은 어떻게 되세요 직장명이요 네 신일 금속이요 주식회사 신일금속 예 입산에는 언제 하셨어요 18년이요 2018년도 혹시 하시는 업무에 고객님 따로 직책이 좀 계세요 직책이 과정인 대리님 주인이 이런 직책이 좀 있잖아요 예 팀장인데요 팀장님이신거구요 고객님 여기 신일금수이요 본사는 혹시 어디에 있는거에요 서울이요 고객님이 계신데는 어디에요 근무지는 예 서울이요 같은 곳에 있는거에요 그 대표님님 제가 업장을 구분할 때 대표님 성함을 업장을 좀 구분하는데 혹시 대표님 존함 알고 계세요 대표님 저는 그 성함은 왜요 아니 그니까 여기 신일금속이 고객님 많이 있을 시에는 대표님 성함으로 저희가 업장을 정확히 구분해요 그래서 여쭤본다고 미리 서류에 말씀 드린건데 혹시 알고 계신가 해서 아니 알고는 있는데 저희 대표님 전화번호 이름을 좀 알아서 하시게요 아니 신일검기 대출받는데 그 대표님 성함까지도 다 얘기를 해야되는거에요 그게 아니요 꼭 그렇진 않은데 예를 들어서 신일금속이 고객님 여기 한 곳만 있으면 상관없지만 여러군데가 있을텐데 네 그러면 대표님 성함은 폐쇄하시면 되는거죠 예 그러면 사 대가입은 되시는 정규직원 맞으신거죠 고객님 혹시 고객님 본인세지금 현재 지금 자가가 좀 있으세요 집이야 네 있으시면 응 집은 지금 그 전세데 그러면 자가는 현재 없는 걸로 체크할거고요 고객님 그러면 혹시 고객님 본인소에 지금 차는 있으세요 예 몇년식일까요 8년이요 어 차종은 뭐에요 예 아반떼요 아니 고객님 여기 차 이런거 집 있으면 또 그 우대금리 조건이 있어요 그래서 기본적으로 좀 여쭤보는건데요 혹시 예 퇴직근에 고객님 조회를 언제 해보고 안해보셨어요 안해봤다 그랬죠 제가 말씀드렸잖아 아까 아니 그니까 마지막으로 언제 해보셨냐고요 아니 안해봤다고요 최근에 그럼 오랫동안 안해보신거에요 네 고객님 그러면 본인확인차 생년월일 확인하고 저희 팀장님 연결해드릴건데 몇년 몇월생이실까요 예 저기 85년 2월 1일이요 네 85년 2월 1일이요 두회 일곱 자리는 어떻게 되세요 예 두에 일곱 자리요 주민번호 다 왜요 고객님 이거 나이스 열람 때문에 여쭤보는 건데요 예 이거는 일회상이에요 고객님 요즘에 고객님 대출 많이 받아보셔서 아시겠지만 고객님 핸드폰 번호 성함 주민번 여보세요 예 주민번호 이게 다 일치가 해야 은행에서도 고객님 본인인증을 예 걸치는거에요 그래서 고객님 요즘에 인증번호 다 보내드리잖아요 그 인증번호가 들어가야지 되는데 이 타의가 다 맞아야 저희가 보내드리는거라 물어보는거거든요 정확한 생년월일이데 페퍼 저축은행이요 그래요 네 저희 예전에 저희쪽으로 상담 이력이 있거나 아니면 쓰시다가 상환하실때 고객님들께 안내해드리고 있는건데요 생년월일 몇년 몇일생이실까요 말씀드렸잖아 지금 면에 2월 1일이라고 85년 2월 1일이라고 조회 일곱 자리는 어떻게 되세요 예 181443 이요 고객님 지금 혹시 통화는 괜찮으신거에요 예 고객님 존함이 티자 용자 석자님은 맞으신거죠 예 알겠습니다 저희 제가 다시 전화드릴게요 예 네,1
여보세요 예 안녕하세요 하나금리인데요 김종만고객님 맞으신가요 예 저가 다음주까지는 금리 인하기간이라서 연체만 없으면 한도 증액해서 나가는데요 기존에 고금리 10 프로이상 쓰는거 계시면 낮은 금리로 대환 좀 해드리고 추가자금리나 대환하실거 있으세요 예 추가가 필요하세요 대환이 필요하세요 지금 추가 자금이요 얼마정도 필요하세요 지금 얼마정도 될 거 같아요 직장인이세요 사업자세요 직장이요 직장인은 한 5000까지 나가서 그래요 그렇지 않아도 지금 4000정도 지금 알아보고 있었는데 예 지금 연봉이 예전에 그 4000이었는데 지금도 맞으세요 올랐어요 예 지금 맞아요 그정도 예 18년 되셨고 그 다음에 캐피탈 저축은행 대부쪽에 쓰시는거 있으세요 아니 없다고 말씀을 드렸는데 아 기대출이 하나도 없어요 어 조건은 좋으시네요 그 다음에 카드 가지고 카드론하고 현금 서비스 쓰세요 아니요 카드도 없아아 그럼 체크카드 있으세요 예 저희가 그럼 지금 20분 안으로 문자넣고 전화드려서 자세하게 상담 도와드릴건데 시간은 괜찮으세요 예 좋은 결과 기다릴게요 전화 좀 잘 받아주시고요 예 그거 어디라 그랬죠 하나금융이요 예 네 안녕하세요 이종만 고객님 맞으신가요 예 네 하나금융 담당자 배정받고 연락드렸습니다 예 지금 1차직원이랑 대출 상담고 했을텐데 지금 간단하게 몇가지 여쭤보고 대출 진행 도와드리도록 할게요 예 선생님 생년월일이 85년 몇 며일이신가요 예 5월 6일이요 5월 6일이시고 휴대폰 통신사 어떤거 쓰고 계시나요 예 SK요 SK쓰시고 신용카드 사용중이신가요 안한다고 말씀을 드렸는데 네 죄송해요 어 지금 메모가 되있는데 신용카드는 사용하지 않는 이유가 따로 있으세요 그냥 안사용해요 사용하지 않으시고 과거나현재 회생예봉 파산이나 연체력 이런거 있으시나요 아니요 없어요 그런 거 없으시고 지금 직장 근무하신지는 지금 18년 되셨다고 하셨고요 예 연봉이 4000만원이라고 하셨는데 맞으신가요 예 직장 사호명이 어떻게 되시나요 예 직장 상호명이 어떻게 되세요 신일금속이요 신일 금속이시고 지금 주거 형태는 아파트라고 하셨고 지금 소유형태가 자가라고 하셨는데 선생님 본인 명의의신가요 예 본인 명의 자가이시고 차량타계시는게 2018년식 맞으신가요 예 차량 모델이 어떤건가요 예 소나타요 도나타이시고 차량 넘버 한번 말씀 부탁드리겠습니다 차량 넘버는 왜요 저희가 자산이 있으시면은 지금 금리나 한도적인 부분을 더 산출을 해드릴 수가 있어서 여쭤보는거구요 예 네 왜냐면 이게 사장님 본인명의 자산이시잖아요 예 자산이기 때문에 저희가 한도 산출을 그럼 더 증액을 해드릴 수가 있으세요 조금 맞은 그래요 네 근데 그거 괜찮아요 그거는 네 그럼 이거 상관없으시면은 저희가 이거는 말씀을 꺼려하신다고 하시면 어쩔 수 없고요 예 사장님 대출은 없다고 하시는데 만 설계 대출이 아무것도 없으세요 예 지금 필요하신 자금이 어떻게 되시나요 지금 4000 필요하다고 말씀드렸는데 그럼 4000만원정도 필요하세요 네 알겠습니다 사장님 그럼 저희가 금리하는 선출에서 10분에서 15분뒤에 바로 전화드리도록 할게요 예 제가 금리한도 선출해서 10분에서 15분 뒤에 바로 전화 드리도록 하겠습니다 예 네 여보세요 예 사장님 이거 지금 한도나와서 연락드렸구요 예 제가 일단은 최대한도로 확인을 해봤는데 지금 앞으로 나오시는 자금이 지금 한 4300만원정도까지 나오시거든요 예 네 이렇게 융통 한번 도와드릴 수가 있고요 예 지금 금 네 금리 적용되시는거는 10.6 프로 적용됐습니다 선생님 그래요 네 예 네 이렇게 진행 한번 도와드려도 될까요 예 네 그러면 저희가 진행간에 간단하게 구비서류가 좀 필요하신데 네 사장님 서류 안내는 사 문자로 남겨드릴테니까 문자 확인해주시고 저희쪽에 팩스 한번 보내주시고요 저한테 보내셨다고 문자나 전화 한통만 한번 해주세요 고객님 예 네 지금 문자 한번 남겨드릴게요 예 네 여 저희가,1
여보세요 네 여보세요 예 네 안녕하세요 김원종 고객님 맞으실까요 예 네 안녕하세요 하나금융에 김준필이라고 합니다 고객님 예 네 기존에 대출 관련 문의주셨는데 혹시 자금 해결하셨을까요 아니요 네 고객님 대출 가능하신 상품 나와서 전화드렸어요 가능하신 고객님들께만 그래서 혹시 자금 그때 고객님 얼마 필요하신 얼마까지 필요하다고 하셨었죠 그때 오천이요 5000정도요 예 원하시는 금리는 어느정도일까요 고객님 예 금리요 크게 저기 크게 필요 없는거 같아요 그거는 중요하지 않고 우선은 이제 최대 오천까지는 필요하신거죠 예 잠시만요 고객님 지금 한 일 이분정도 통화 가능하실까요 예 일 이분정도 통화 가능하실까요 네 잠시만요 고객님 현재 지금 직장인이실까요 사업자이실까요 예 직장이요 직장인이시고 사 대보험 가입되어 있으신가요 예 네 핸드폰 통신사 어디 쓰고 계세요 고객님 예 유플러스요 LG요 예 본인명의시죠 예 혹시 차량 소주하고 계실까요 고객님 예 자차 가지고 계세요 그러면은 혹시 자차 연식이랑 넘버 좀 알 수 있으실까요 예 연식이랑 넘버에요 연식이랑 넘버요 넘버는 왜요 예 저희가 어쨌든 이제 고객님이 대출 진행을 하실려 그러면은 저희가 서류 작성을 해야되잖아요 그래서 지금 미리 이제 제가 여쭤보는거에요 아니 대출받는데는 차 넘버가 별 왜 필요해요 그게 대출 확률을 높이셔야죠 네 근데 지금 제가알려주 제가 지금 처음이라 네 처음이시라고요 고객님 아니 차량 넘버 불러달라는거는 처음이라 네 그래서 지금 물어본거거든요 저희가 이게 차량 넘버를 왜 물어보냐면요 이제 고객님이 이제 대출 받으실 때 예 이제 저희가 이제 고객님도 아시다시피 대출 받는게 쉽지가 않잖아요 그래서 그게 만에 하나를 대비해서 이제 대출 확률을 좀 높을려고 그 자차 이제 자차 가지고 계신 고객님들한테만 좀 이제 차량 연식이랑 넘버를 물어보고 있어요 이거는 만약에 고객님이 자차 관련해서 저는 나는 말하기 싫다 하시면은 당장 말씀 안하셔도 돼요 그래요 네 그러면은 고객님은 지금 차량 넘버는 이제 말씀하시기 싫다 이거시죠 예 네 그럼 말씀하시지 마시고 고객님 월 소득은 얼마나 되세요 저요 350이요 그 세우인가요 예 그 세 전인가요 세후인가요 고객님 세후요 대후 350 정도요 현재 고객님 아까 직장인이라고 하셨는데 근무 기간이 얼마나 되세요 18년이요 18년 지금 18년 근무하신거죠 고객님 예 급여는 통장으로 수령하고 계신가요 예 안로 그게 은데 고객님 지금 설 현재 살고 계신데가 혹시 주가형태가 어떻게 되실까요 월 월세 전세 자가중에 혹시 어떻게 되실까요전세요 전세요십 고객님 개인회생 파면체 연체 혹시 있으까요 아니 없어요없전 없으시고요 근데 혹시 기존에 대출 어디 은행에 얼마 하셨는지 기억하고 계신거 아니 그런거 없다고 말씀을 드렸는데 아까 그렇게 저는 그렇게 하라는게 아니고 이제 차량을 아니 그러니까 그게 없어요 아예 기존에 대출 받으신적이 없으신 그래가지고 좀 고객님이 좀 약간 그러셨구나 죄송해요 제가 잠시만요 이게 원래 저희가이제 고객님들 상담을 해드릴때요 저희가 이제 표준적으로 이제 고객님들한테 물어봐라라고 이제 나와있는 그런게 있어요 그래 이제 거기에 이제 나와있는대로 이제 고객님한테 여쭤본건데 아까 차량 이제 물어봤을 때 기분 나쁘셨다면 죄송해요 고객님 예 처음이신지는 제가 몰라가지고 예 잠시만요 기가 고객님 이거 고객님 제가 금리랑 이제 한도산출에 필요해서 그런데 제가 이제 문자로 그 서류 안내를 하나 드릴거에요 별거는 아니고요 신분증이랑 이제 저희가 이제 건강보험료를 냈나 안냈나 확인을 해야되가지고 그거 이제 3개만 좀 부탁드릴건데 그거 보내주시는데는 한 이 분에서 3분 정도면 되거든요 혹시 제가 문자로 안내해드릴건데 그것만 저 보내주실 수 있으신가요 예 보내주시고 고객님한테 전화 한통만 저한테 주세요 고객님 예 네 그러면은 전화 끊고 고객님 문자로 바로 발송해드릴게요 예 네 감사합니다 핸드폰 방판이요,1
안녕하세요 SBI저축은행인데요 예 본객님 예 기존에 대출이 많아서 한도가 안나왔던 분도 오늘 한도가 액되서 연체만 없으시면 저금리로 대환이나 추가대출 가능해서 안내해드리고 있어요 예 필요하신 자금이나 혹시 10 프로 보금리 대환하실 계획 있으시면 저희가 조회계록 남지않게 인하된 최저금리 먼저 안내해드리면 조건 먼저 들어보시는건데요 자금계획 있으시면 연체만 없으시면 되는데 연체는 없으시죠 예 지금 직장에 다니세요 사업하세요 고객님 직장 다녀요 예 근무하신지 얼마나 되신거에요 18년이요 예 지금 사 대보험 들어가시고 연봉은 어느정도 책정되셨어요 지금 연봉이 지금 3800이요 예 라이지한만 있으신데 실례지만 몇 년생이세요 저요 네 예 85년생이요 고객님 조건 충분해서 제일 중요한 금리한도 십 분내로 조회기록 남지 않게 직장인 우대금리 산출해서 연락드릴거고요 저 상담사 김선영이고 끝으로 고객님 본인 확인차 성함 확인 부탁드릴게요 김필승이요 필입자 승자님 십 분내로 김필승 고객님 확인하고 직장인 우대금리 안내해드리면 조건 맞으시면 이용결정 부탁드려요 어디라 그랬죠 지금 예 SBI 저축은행이요 예 감사합니다 예아 네 안녕하세요 김필승님 맞으세요 예 선 안녕하세요 대출문의주신 에스비아 담당자구요 자의건으로 저희 상담원 통해 연락드렸는데 통화 잠깐 괜찮으세요 예 85년생이신거고 직장 근무하신지 18 1년 되신거 맞으 그러시고 지금 연 소득이 3800만원이라고 말씀주셨는데 맞으세요 예 그신거고 현재 이용중이신 기대출가는 어디에서 얼마정도씩 사용중이세요 기대출은 없어요 생활자금 예 생활자금이요 대 기대출은 없으신거고 필요하신 자금은 생활자금 필요하신거세요 요거 혹시 최대 얼마정도 필요하실까요 얼마정도 가능할까요 어 지금 이 기존에 이용중이신게 없다고 하시면 저희 저분관 같은 경우는 연봉대비해서 한도 같은 경우는 200 프로 이내로 지금 나오시거든요 지금 만약에지금 한 2000정도 지금 필요해가지고 아 고 정도는 선생님 연봉대비 100 프로도 초과가 안되시는거라서 예 그정도는 진행 가능하실거 같으신데 2000만원정도 필요하신거고 현재 신용카드 이용중이세요 아니요 안한다고 얘기했으 말씀을 드렸는데 그러셨어요 어 현재 거주하고 계시는곳 거주형태는 자가 전세 월 기준에 어떻게 되실까요 전세요 그신거고 현재 연체만 미납중이신건 없으시고요 예 그러시고 혹시 회생인노회복 파손 이력 있으실까요 아니요 없어요신거고 일단은 선생님 지금 기존에 사용중이신 기재출건 없다고 하시면 요거 2000만원 정도만 진행 가능하실걸로 확인 되시고요 2000만원보 한도 같은 경우는 더 나오실 수도 있을거 같으세요 예 진행하실 의사 있으신거면 제가 간단한 소득사료만 문자 메세지로 안내드릴건데 지 근무하시는 직장 사 대보험 가입되어 계시잖아요 예 의료보험 공단 서류만 좀 발송해주시면 되세요 그거 신청하시는 거 제가 문자메세지로 남겨드릴거고요 혹시 요거는 언제쯤 고비가 가능하실까요 선생님 언제까지 드려야 되는거에요 어 요거는 당일 기준으로 오후 2시 안쪽까지만 발송해주시면 당일 송금까지도 가능하시거든요 그래요 네 그래서 요거는 바로 문자메세지 남겨드릴테니까요 구가능하실때 바로 준비해주시면 제가 진행 빠르게 도와드릴게요 예 네 문자 남겨드릴게요 선생님,1
요 네 안녕하세요 앞전에 자은 상담 도와드렸던 오케이저축은행 김지현 대리입니다 다른건 아니고 그 당시에 한도랑 금리산출 되셨는데 연락이 안되서 제가 진행을 못해드렸어요 예 어 혹시 그 당시에 필요하셨던 자금은 전부 해결되셨나 여쭤보려고 전화드렸든요 아직이요 그러시구나 저희가 지금 프로모션 기간이어서 따로 연락드리는 중인데 추가 자금 필요하신거죠 예 응 그러면 지금 앞전이랑 동일하게 몇 가지만 여쭤보고 제가 다시 새롭게 한도랑 금리 산출해드려도 괜찮으실까요 어 성함이 김창원 고객님 맞으시죠 생년월일이 어떻게 되세요 예 저가 85 전 2월 27일이요 85년이에요 예 85년 2월 27일이시고 핸드폰 본인 명의 맞으시죠 예 통신사는요 예 SK요 에스이 지금 필요하신 자금은 어느정도 되실까요 지금 얼마정도 될까요 이거는 고객님 신용도에 따라서 조금 다르시긴 하거든요 신용평점에 따라서 일단은 그러면 나오는대로 지금 제가 필요한게 지금 필요한 금액이 지금 한 3000정도 지금 필요하거든요 네 어 가능할지 어 이거는 저희쪽에서도 한번 조회를 해봐야되기는 해요 어 왜냐면 앞전에 나온 한도랑 금리는 시간이지나면 미생 보류건으로 넘어가 저희가 지금은 확인이 안되세요 어 예 이거는 생활비나 대한 목적까요 생활자금이요 사업하시는거에요 그러면 지금 저희가 소상공인 대출쪽도 같이 진행중이기는 한데 사업자 번호 있으실까요 소상공인 대출이요 사업자는 없는데 사업자는 아니시고 지금 사업을 시작하시는 단계신건가요 예 그러면 지금 직장도 안다니시 아 다녀요 직장 다니고 있어요 직장 다니시는데 준비중이신거고 직종이 어떻게 되실까요 어떤 직정이냐 제가 얘들 다니고 있는 회사요 네 제조업이에요 제조업이시고 직장은 다니신지 얼마나 되셨어요 18년이요 월 평균 급여는 어느정도 지금 월 지금 받는게 지금 400 지금 받고 있거든요 내일 그다음에 통장으로 수령받으실거고 사 대보험 들어가시고 개인인생 파손신청하신적 있으세요 아니요 없어요 그 다음에 사시는 곳은 자가전세 월세 어디실까요 전세요 네 그다음에 신용카드 사용하시죠 아니요 어 신용카드 사용 안하세요 그때도 안한다고 얘기를 했었는데 그래요 왜냐면 저희가 개인정보는 다 이제 시간이 지나면서 폐기를 시키기 때문에 남아있는게 없어가지고 혹시 지금 보유하신 차량 있으시면 차종이랑 양식 말씀해주시겠어요 지금 그 차종이 지금 아반떼요 몇트이 몇 년식이세요 18년이요 그다음에 카드 없으시니까 카드론 현금 서비스 없으실거고 기존에 갖고 계신 대출 내역 한번만 말씀해주시아 없다고 그로 다 말씀드렸었는데 그때 어 기존 대출이 없으세요 예 그러시면 연 그러면 연체하신 적도 없으시고 네 이거 제가 한도랑 금리 산출되는대로 연락 한번 드릴게요 어디라 그랬죠 저희 오케이 저축은이요 그래요 네 예 알겠습니다 네 예 네 여보세요 네 아까 연락드린 김지훈 대리입니다 예 네 지금 가도 삼실되서 연락드렸는데 이제 한도는 이제 한 4500까지 나오시고요 예 금리는 한 8.9 프로정도 측정 되셨어요 예 그래서 진행하실 의사 있으시면 제가 문자로 필요 서류들 양식 보내드릴테니까 이것만 저희 쪽으로 팩스로 첨부해주시면 되거든요 그래요 어떤게 필요한 거에요 어 지금 직장 다니시고 계신다고 하셨잖아요 그럼면 이제 신분증 사진이랑 신분증 사진은 저한테 문자로 넣어주시면 되고요 예 그다음에 직장 다니시고 계시니까 이제 직장 의료보험 자격득실 확인서 그 다음에 직장 의료보험 납부확인 예 응 이거는 어차피 국민건강보험공단에 전화하시면 간단하게 발송 가능하시니까 제가 문자로 서류 양식 보내드릴테니까 이것만 팩스 첨부 부탁드릴게요 예 응 팩스 보내신 다음에는 저한테 문자나 전화 한번 주세요 예 네 잠 입력해주시,1
네 여보세요 예 네 안녕하세요 혹시 김원정 고객님 맞으실까요 예 누구세요 저희 일전에 대출 상담 진행 도와드렸던 오케이 저축은행 담당자 안지훈대리입니다 예 어느 지점이세요 오케이 저축은행이요 그니까 어느 지점이냐고요 여기 림이요 신림 오케이 저축이요 네 어 씨발새끼야 구라를 쳐도 저 정덕껏 구라를 쳐라 니네가 보 오케이 저축은행이야 보이스피싱이지 썅놈무 새끼야 니 애미애비한테 하라그래 어 예 오케이니 애매비가지고 그렇게 가르키든 니 애미엘비만 불쌍하다 이 씨발새끼야 어 야 니 애애비가 아냐 너 보이스피싱 지하는거 어 아냐고 울 들어가 여보세요 예 아까 낮에 전화드린 오케이저축은행인데요 네 왜 욕하셨어요 에이 씨발놈아 너 어느 저 전화로 어 대출 받으라 그랬냐 이 씹새끼야 여보세요이 애미애비한테 하라 그래 이 개새끼야 여보세요 니 애미에 니가 오케이 저축 직원이야 이 개새끼야 보이스피싱이지 썅놈의 새끼야 만약에 니 엠이애비는 이 씨발새끼야 니 전화번호 내가 유출시킬거야 이 개새끼야 니 고소할거야 병신아 이 개새끼야 니 에비애비한테 하라 그래 이 개새끼야 니 엄마아빠한테 가라고 병신새끼야 니 애비애비한테 하라 그래 씨발새끼야 니 전화번호 내가 유튜브 애미애비한테 하라그래 이 개새끼야 닌 뭐하는데 니 애비애비한테 하라 그래 니네 엄마 아빠는 뭐하냐고 니 애비애비한테 하라 그래라 어 야 이 병신새끼야 할짓 없어서 보이스피싱질이냐 이 개새끼야 성실하게 돈 벌어 쳐먹어 이 썅노의 새끼야 니가 오케이 저축이나 직원이야 보이스피스 아니라고 병신아 씨발놈아,1
여보세요 네 안녕하세요 고객님 농협금융인데요 예 네 자금 필요하신거 있으시면 상담 받아보시라고 안내전화드렸어요 고객님 예 어 네 고객님 직장인이세요 사업자세요 직장인이요 직장인이시고요 재직기간이 얼마나 되셨나요 고객님 13년이요 13년 되셔고 사 대 가능하시죠 예 네 연봉은 얼마나 되실까요 고객님 연봉 지금 4000이요 4000이시고요 네 고객님 몇 년생이시죠 실례지만 저 81년생이요 81년생이시고요 네 고객님 직장명 예 말씀해주세요 예 대동금속이요 대동금속 시고요 네 고객님 혹시 기대출 수쓰고 있는거 좀 있으실까요 대출 아니요 대출이 지금 아예 없으세요 예 그러세요 예 고객님 저는 담당자 이혜영이고요 고객님 성함좀 여쭐게 성함 어떻게 되시죠 김종만이요 김 종자 만이요 예 고객님 혹시 고객 명의로 자가는 있으신가요 집 아니요 예 없으시고요 지금 필요자금은 얼마나 되세요 얼마정도 될까요 어 요거는 고객님 들어가봐서 봐야 알고요 일단은 최대치로 저희가 접수를 해드릴게요 혹시 신용카드 사용하시는거 있으실까요 아니요 신용카드는 없으세요 예 혹시 고객님 지금 신용에 예 문제가 있거나 연체 사실 있거나 그런거는 없으시죠 어 연체 그 사시는 전혀 없으셨어요 전에도 예 알겠습니다 고객님 어 한 삼 사십분 이전후로 예 010 핸드폰 번호로 담당자가 전화가 한번 가실거에요 예 상담 받아보시고요 이율조건 맞으시면 이용하세요 어디라 그랬죠 지금 농협 금융에요 예 고객님 예 그 전화 예 받으실 수 있으시죠 예 네 알겠습니다 상담 받아보시고 이용하세요 예 네 여보세요 예 안녕하세요 김종만 고객님이신가요 예 어제 저희 접수건으로 연락드렸고요 농협금융 이경훈 팀장이라합니다 고객님 통화 잠깐 괜찮으실까요 예 네 우선 그 재직하신지가 13년정도 되신거세요 예 지금 하시는 일은 어떤 일을 하고 계시죠 사무직 제조쪽이세요 제조이시고 연봉이 3700정도 되시는거죠 저기 기대출이 조금 있다고 하셨는데요 없다고 얘기했는데 없다고 얘기하셨어요 예 잠시만요 저희쪽 요한거는 기대출이 조금 있다고 말씀해주신 걸로 넘어왔는데 그럼 기대출이 지금 전혀 없으신거죠 네 어 혹시 신용상에 문제되신 점 있으실까요 개인회생이라던지 신용회복같은거 하신거 있으셨어요 아니요 그런건 없으시고 지금 81년생분 맞으시죠 예 네 그럼 지금 필요하신 자금은 얼마정도 지금 얼마정도 돼요 될거같아요 지금은 지금 연봉이 3700이시고요 지금 비대출이 전혀 없다하시고 신용상에 문제되신 점은 없으신거죠 예 혹시 신용카드 이용하고 계시는거 있으세요 어 그거 안한다고 얘기를 했는데 다 신용카드도 없 사용하시는게 없으시고요 그러시면 지금 가능한 금액은 2000에서 2500정도 가능하시고요 최대 한도로 알아보시면 3200까지는 한도가 발생이 되시는 부분이시거든요 그 차대부도 가입이 돼있으시고 재직기간도 계획이 때문에 그러시고 요거 근무하시는곳이 혹시 법인이세요 아니면 개인 사업장이세요 네 법인이요 법인 사업장이시고요 잠시만요 지금 최대로 필요하신 자금이신데 용도가 어떻게 되시죠 예 생활자금이요 생활자금으로 필요하시는거고요 그럼 우선은 지금 통화는 가능하신가요 저희가 우선 한도부터 알아봐드릴건데요 지금 현재 기혼이세요 미혼이세요 미혼이요 아니 기혼인지 미혼인지 그 표 거 궁금한거에요 어 미혼이시 아 기혼이시면 침사하시는데 더 유리하신 부분이 있기 때문에 그런 부분 제가 여쭤보뭐가 유리한데요 가족이 있으시면은 더 유리하시죠 그니까 가족이 있는데 왜 그게 뭔 상관인데요 그게 제가 이거 물어보는게 잘못된건가요 아니 그냥 물어보는거에요 제가 아니 그니까 물어보는게 잘못되는거냐고요 제가 물어봐야 되는거니까 물어보는거고요 그걸 왜 물어보냐고요 그게 그니까 금융사 심사과에서는 기혼인지 미혼인지를 보니까 대출받는데 그게 그 중요한거에요 이게 이렇게 승질 내실 일이에요 아니 누가 승질내는 내고 있는거야요 지금 이거 하실거에요 안하실거에요 그러면 아니 성향을 또 봐요 심사과에서 이렇게 하시면 심사가 들어가셔서도 진행이 안되세요,1
예 안녕하세요 김정만고객 되시죠 예 오케이저출한 상담원 정미선입니다 고객 어디라고요 오케이 저축은행 저 상담원 정미선입니다 고객님 제가 오늘 우사안내 전화드린게요 고객님 사 대보험 적용 되시는 직장에서 오랫동안 근무를 하고 계신다고 말씀해주셨잖아요 저희가 직장인 우대출쪽으로 안내가 나가시기 때문에 다른 조건은 없으시고요 연체라던지 미납 없다 그러시면 저희가 추가 자금이라든지 대한자금적으로 이용 가능하셔서 우선 드렸거든요 고객님 실례지만 고객님 연체가 있거나 미납있거나 이런건 없으신거잖아요 고객님 예 그때 사 대보험 출근되신 직장에서 15년정도 근무하셨고 연봉이 3700정도 되신다 그러셨는데 동일하실까요 고객님 예 사 대보험 적용 되시는 직장에서 15년 정도 근무하셨고 연봉이 3700 정도 되신다 그러셨는데 동일하실까요 고객님 예 85년생 김종만 고객님 맞으시잖아요 예 저 가산점 높이는 거 때문에 한 가지만 더 여쭤볼게요 고객님 명의로 자가주택 소유하고 계신거 있으실까요 고객님 예 저기 차요 차는 있으시고 작은은 없으시고요 예 혹시 햇살론 이용하시는 상품 있으세요 고객님 아니요 예 대부쪽도 없으시죠 고객님 예 알겠습니다 고객님 그러시면 제가 금리고 한도가 가장 중요한 거잖아요 예 제가 조회기로운 났거나 평점에 케 20분 안에 바로 안내해드릴거고요 개인회사 하시거나 신용 회복 안하셨죠 고객님 예 그럼 저는 오케이 저출한 상담원 정미선이었구요 부재하지 마시고 한통 한번 잘 받아주세요 고객님 오케이 저축은행이요 네 오케이 저출은 저 상담원 정미선입니다 고객님 예 감사합니다 예 세요 네 안녕하세요 김종만 고객님 맞으신가요 오케이저축은행 스법인 김세형 과장인데요 오늘 날짜로 자금문의 남겨주셔서 연락드렸거든요 통화 괜찮으세요 예 네 현재 필요하신 자금이 얼마정도 필요하신거세요 얼마나 될까요 그거는 봐봐야 최대로 한도로 알아봐드릴까요 지금 2000만원 정도 필요하거든요 지금 최소 이천이에요 예 지금 대환으로 알아보시는 거에요 아니면 생계로 필요하신거에요 생계로 어떤거 때문이신 어떤거 때문인지 제가 여쭤봐도 될까요 생활자금이요 생활자금으로요 네 그러면 고객님 제가 빠르게 몇 가지만 확인해보고 바로 도움 드릴건데요 그 고객님 사 대보험 가입되어있으신 직장인이라고 하셨던데 직장명이 어떻게 되실까요 예 대웅 시설이요 대웅시설이요 예 이게 법인 기업인가요 예 그 법인기업이시고 재직하신지는 지금 15년 되셨다고 하셨는데 맞으시죠 예 어 사 대상 연봉은 3700만원 동일하시고요 예 월 급여는 실제로 얼마정도 받으세요 지금 3월 350 받고 있거든요 350씩 그러면 사 대상 연봉 거의 한 4000정도 되시네 4200정도 아니 이제 사 대상 연봉은 3700인데 실수령액이 연 4200만원정도 되시는거죠 예 어 회사명으로 들어오시는거죠 예 그러시고 일단 고객님 근무하시는 회사 지역이 어디실까요 서울이요 서울이시고 고객님 본인명의 신용카드 사용하고 계시는거 있으세요 사용안한다고 말씀을 드렸는데 그래요 신용카드 사용 안하시고 운전자 보험이랑 의료보험 제외하시고 어 본인계약자 납부하시는 개인보험 있으세요 그 보험은 왜 물어봐요 그런거는 어 보험도 있잖아요 고객님 그 종신보험이라던지 실비보험 같은아니 대출받는데 그게 왜 필요한거에요 이게 그 보험이 꾸준히 이제 월마다 나가는거잖아요 아니 그니까 월 그 월마다 나가는건데 대출받는데 그게 왜 필요하냐고요 보험으로 나오는 상품이 있어요 고객님 네 보험을 1년 이상 가지고 계시고 꾸준히 납부하고 계시면 나오는 상품이 있어요 고객님 아니 대 그거랑 상관없는거죠 대출받는데 어 인제 그냥 이거는 양식이라서 제가 여쭤본거고요 예 보험 같은건 안들고 계시면 말씀 안하셔도 상관은 없어요 고객님 제가 고객님한테 피해끼칠려고 그런게 아니라 고객님이 보험으로 가능하신 상품이 있을 수도 있으니까 제가 미리 여쭤보는 거에요 고객님 제 고객님 니즈를 정확히 파악하고 고객님 상황을 정확히 파악을 해야 제가 고객님한테 대출 상품을 소개시켜드리고 하지 않겠어요 고객님 일단은 보험은 그러면은 말씀 안하셔도 되고요 예 그 본인 주거 형택 아파트 주택 빌라중에 어떻게 되실까요 예 빌라요 필라하시고 자가전세 월세중이 어떻게 되시죠 예 전세요 전세시고요 본인명의 차량 있으세요 예 연식이 어떻게 되세요 18년이요 18년식이요 사종은 어떻게 되시죠 예 소나타요 소나타시고 차량 번호는 어떻게 되실까요 차량번호는 왜 물어봐요 그 고객님 이게 차가 있으시면은 고객님 재산이잖아요 재산은 재산인데 대출 받는데 그게 왜 필요하냐고요 차량 넘바가 그니까 고객님 담보로 다 담보대출을 받자고 말씀을 드리는게 아니라 재산으로 인정이 되면 한도 선 되는데 더 우대적용 되기 때문에 제가 물어보는거에요 고객님 제가 아니 무슨 량 차량 물어보는거 나 처음 봤네 어 아니 차량 번호 여쭤본 게 고객님이 지금 보이스피싱을 의심하고 계시는 거 같은데요 보이스피싱 같은 경우에는 어찌든간에 고객님한테 근접적인 요구를 하잖아요 그리고 고객님한테 쓰잘데기 없는거 시키고 그러잖아요 근데 저희는 고객님한테 대출을 직접 근데오케이 어느지점이에요 오케이 저축은행 스탁법인 광주 지점이에게요 전라도 광주에요 광주 농성동에 있어요,1
네 회원님 일전에 주식정보 신청하셨던 블로벌 경제있어요 예 다름이 아니고요 저희가 오늘부터 기자 정보방으로 좀 초대를 해드릴거고요 기사정보방 좀 초대를 해드릴게요 요거는 예 차트보고 수중에 나온 정보 오픈된거 보고 분석해서 들어가고 이런거 아니고요 저희가 예 아무래도 신문사다 보니까 정보나 기사 내보내고 이럴거 전에 좀 선매소하는 방식으로 운영이 되셔서 오늘 같은 날도 수익이 굉장히 많이 났어요 네 그다 보니까 예 리딩 다 해드리고 그리고 그렇게 많이 수익이 났어요 오늘이요 예 오늘 났죠 근데 평소에는 그래도 좀 매매가 좀 있는데 어저께 총 추천 딱 2개 나왔거든요 근데 2개 다 수익이 나왔어요 제이씨케미칼 얼마나 나왔어요 제이씨 케미칼은 어제 추천 나와서 14 프로 정도 소용나왔어요 오늘 그 11 프로까지 올랐을때 매도사인 나와가지고 다 8 프로쯤 매도해서 끝까지는 못먹긴 하셨는데 그래도 어저께 상승분이랑 합쳐서 14 프로 다 나와갖고 회원 분들 어 이상해도 14 프로 먹어도 감사합니다 이랬고 그래요 예 크지는 않고 다른거는 한 6 프로 요정도 수익 나갔고 그렇게 수익이 잘나요 헤 장이 좋을때는 엄청 잘하서,1
예 안녕하세요 농협금융인데요 자금 필요하신거 있으시면 이율상담 들어보시라고 안내전화 드렸어요 네 고객님 어 필요자금은 있으시고요 생활자금이나 대한쪽으로 예 간단하게 몇 가지 여쭙고 안내해드릴건데요 예 고객님 혹시 직장인이세요 사업자세요 직장인이요 네 직장인이시고요 재직기간이 얼마나 되셨나요 12년 됐나 그랬고요 12년 되셨어요 오래되셨네요 사대는 가능하신거잖아요 네 고객님 직장 그 연봉을 얼마나 되시는거죠 지금 연봉이 지금 3700이요 3700이시고요 예 직장명은 어떻게 되세요 고객님 대동금속이요 대동금속 예 저는 담당자 서미경이에요 고객님 성함 좀 여쭙겠습니다 성함 어떻게 되세요 김판석이요 김 찬석 한자 석자요 석이요 석 김석 네 고객님 몇년생이신가요 예 86년생이요 팔 6년생이시고요 네 고객님 혹시 기대출 쓰고 계시는거 혹시 있으실까요 아니요 없어요 예 기대출 아예 없으신거에요 예 고객님 명의로 혹시 자가는 있으신가요 집 아니요 집 전세인데 예 없으시고요 저희 희망하시는 금액은 대략 얼마정도 아니 얼마정도 될지 예 최대치료 고 저희가 필요한게 지금 한 칠 2000정도 예 최대치로 저희가 접수해드릴거니까 고객님 상담 받아보시고 원하시는 금액 받으시면 되시고요 혹시 신용카드 사용하세요 아뇨 아니요 사용안해요 신용 안하시고 예 현재 고객님 그 신용상에 문제가 있거나 연체 사실 없으시고요 네 알겠습니다 고객님 삼 사십분 안쪽으로 농협금융에서 010 전화로 담당자가 전화가실거에요 예 전화 받아보시고 이율조건 맞으시면 이용하세요 고객님 네 감사합니다 여보세요 네 안녕하세요 정찬석 고객님 되세요 예 저 농협 금융 담당자로 배정된 김현정 과장입니다 예 지금 혹시 통화 괜찮으세요 예 고객님 필요하신 자금이 혹시 대 그 대환용도로 필요하신거세요 아니면은 생계자금 용도로 필요하신걸까요 생활자금이요 그러면은 한도는 많으실 수록 좋으신거에요 예 얼마정도 가능한지 지금 그거 알아보고 계시는 거에요 고객님 그러면 저희가 본인 확인 해드리고 가능한 한도나 금리 파악해서 말씀드릴 수 있는데요 우선은 휴대폰은 본인 명의로 되신 거 맞으실까요 예 통신사 말씀 한번 해주세요 예 SK요 네 본인확인 인증문자 보내드릴려고 합니다 주민번호 처음부터 끝까지 말씀해주세요 네 주민번호처음부터 끝까지 말씀 한번 부탁드립니다 예 팔 육 예 여보세요 네 말씀해주세요 예 저 8605 이 일 네 1814463 예 고객님 성함 제가 다시 한번 확인해볼게요 정자 판자 석자님 맞으세요 정판석이요 예 제가 지금 인증번호 보내드릴거고 30초정도 소요되실 예정이세요 전화 끊지 마시고 잠시만 기다려주세요 어 고객님 그 주민번호가 맞지 않다고 하시는데 다시 한번만 불러주시겠어요 지금 맞게 했는데 다시 한번 불러보시겠어요 저한테 860521 예 1814463 예 맞아요 고객님 성함 다시 한번 불러주시겠어요 예 정판석이요 어 그니까 판 사할 때 판 예 석 쌀때 석 예 잠시만요 3살 세 아니시고요 어 고객님 죄송한데 지금 주민번호가 맞지 않다고 하시네요 인정 안되던데 어 맞는데 응 여기밖에 안나왔는데 다시 한번 해보시겠어요 지금 제가 불러드렸잖아요 맞다면서요 예 지금 만그거 그대로 지금 하고 있어요 님 근데 네 뭐야 지금 농협 금융 어느 지점이세요 저희가 지금 광주지점이구요 고객님 광주 어느 지점이요 저희 지금 광주 지점이라고요 고객님 광주 어느 지점이야 어느 집 토 금융통합 지원센터라서 광주 지점 하나밖에 없어요 고객님,1
어 네 안녕하세요 네 저희 SBI 저축입니다 예 네 고객님 필요자금 있으시면 추가 한도 안내 좀 해드리고 있는데요 자금 계획 있으신가요 예 얼마나 될까요 네 우선은요 고객님 제가 간단히만 확인하고 한도 안내 바로 좀 해드릴게요 들어보시고 결정하시고요 현재 고객님 직장단이세요 사업하세요 예 직장단있는데요 사 대보험 되시고요 예 어 재직 기간은 얼마 되셨어요 고객님 10년이요 10년 예 네 고객님 신고금액 연봉이 얼마나 되세요 연봉이 지금 3000이 3000만원 예 네 몇년생이세요 저 82년생이요 2년생이시고 고객님 기대출이 대부나 저축은행 있으세요 아니요 그럼 캐피탈이나 카드론 받은 거 있으세요 아니요 그러면 일 금융권에 대출 있으신가요 아니요 없어요 아예 대출이 전혀 없으세요 네 신용카드 쓰세요 안쓰는데요 고객님 예 지금 연체 기록이나 회생회 파산기록 신용 문제가 있으세요 아니요 없는데요 자가도 없으시고 예 본인 명의 소유 집도 없으시죠 예 네 고객님 그럼 신용문제는 전혀 없으신거 맞으시고요 네 고객님 성함 확인 해드릴게요 그리고 한도 안내 바로 좀 해드릴거고요 성함이 어떻게 되세요 예 좀 이름이 좀 특이한데요 먼데요 추천이요 김추천이요 김추천 김추 천이요 천님 예 고객님 지금 자금계획 얼마나 있으세요 지금 얼마나 될까요 대충 그저 여보세요 네 예 얼마정도 될거 같아요 어 고객님 연봉대비 한도는 안내를 해드릴거고요 고객님 지금 장난 전화는 아니신거죠 아니 저 필요하니까 지금 전화 받고 있는거죠 그쵸 어 저희 팀장님 순차적으로 전화 드려서요 그러면은 그 금리한도 안내해드릴거니까 상담 받고 조건 들어보시고 결정해주세요 네 여기연속하시다 네 고객님 방금 전화드린 SBI인데요 재직기간 10년 되셨다고 하셨죠 네 확인 감사합니다 전화드릴게요 네 여보세요 네 안녕하세요 혹시 김추천 고객님 맞으시죠 예 네 다름이 아니라 그 SBI 문의주신 대출 상담사로 배송받게 되어 연락드린 박성숙 팀장이고요 예 네 고객님 빠르게 몇가지 여쭤보고 진행 도와드릴건데 통화 잠시 괜찮으실까요 네 지금 자택 가입 돼있으신 직장인 맞으시고요 예 네 연봉은 3000만원 맞으세요 네 지금 기대출이 한 건도 없으시다고 하셨는데 맞으세요 고객님 네 혹시 과거나 현재 회복회신 파산이력 있으실까요 아니요 그런건 전혀 없으시고요 예 네 그럼 고객님 지금 필요하신 자금이 얼마정도 되세요 지금 얼마정도 될지 모르겠지만은 제가 필요한게 한 2000만원정도 되거든요 기대출이 없으시면 2000만원은 충분히 가능하실거 같으신데 혹시 최근에 어 연체이력 같은거나 그런건 있으세요 아니요 없어요 그런건 전혀 없으시고요 그러면은 지금 신용카드는 사용하고 계실까요 아니요 그건 안사용하고 계시고 네 그럼 본인 소유 부동산이나 차량 소유하고 계시는 것도 있으세요 차요 연식이랑 차 종이 어떻게 되세요 18년 소나타요 18년식 소나타시구요 소나타시고 어 그러면 고객님 일단은 저희쪽 가능여부 및 간두 산출하고 제가 10분 이내로 연락드릴건데요 지금 생년월일이 82년 어떻게 되세요 예 2월 6일이요 2월 6일생이시고 통신사는 어디꺼 쓰실까요 예 유플러스요 lgu플러스요 네 그럼 고객님 지금 재직하신지 10년정도 드신거에요 예 그러시구나 네 일단 확인 감사드리고요 제가 일단 저희쪽 가능 여부 및 가안도 한번 산출해보고 얼마정도 되시는지 보고 10분 이내로 빠르게 다시 한번 연락 드리겠습니다 네 알겠습니다 네 어 네 고객님 안녕하세요 좀 전에 전화드렸던 박경수 팀장인데요 예 네 가주에 결과값 안내드릴려고 연락드렸고요 예 네 일단 가한도 금액은 직장에 신용대출로 2500만원까지 가능하다고 나오셨어요 예 네 근데 이 부분에서는 이제 고객님이 이제 이거 본심사 들어가실때 연체이력 부분이나 이런것만 확인되지 않으시면은 변동사항은 따로 없으실거 같거든요 예 어 네 그래서 이제 제가 이게 접수 도와드리고 구비서류에 대해서 문자로 남겨드릴건데요 오늘 준비 가능하실까요 예 어떤거 필요한거죠 어 일단 신분증 앞면 본인 증빙할 수 있는 신분증 안면이랑요 그 다음에 원초분 그리고 이제 건강보험 납부하시는거 있잖아요 그거 자격 득실확인서랑 이제 납부확인서 이렇게 필요하신데 이거 다 핸드폰으로 가능하신거거든요 고객님 네 그래서 이제 제가 번호라던지 이런거는 문자로 이제 자세하게 안내 한번 도와드릴거에요 그래서 이제 준비하시다가 어려움 있으시면 저한테 연락 한번 주시면 되시고요 예 네 신분증 같은건 그냥 저한테 바로 사진 찍어서 보내주시면 되시고요 응 예 네 그러면 제가 접수 도와드릴건데 고객님 지금 다니시는 직장명이 어떻게 되세요 지금요 네 사 대가입돼있으신 직장 제일 공 금속이요 제일 금속 제일금속 여기 혹시 입사하신 날 기억나세요 어 그게 10년전이었으니까는 한 2012년도 예 11년이요 2011년 몇월인지는 정확히 12월 예 어 12월 정도시고 이거 생활자금으로 필요하신거죠 네 급여 통장으로 수령하고 계시고요 예 네 신용카드 사용은 안하고 계시고 자동차 소유하고 계시고 지금 주간형태 자가전세 월세 어떻게 되세요 예 전세요 전세 배우자 명의실까요 예 네 그럼 지금 등본상 주소지가 어떻게 되세요 고객님 주소요 네 초본에 나와있으시는 주소를 불러주셔야 돼요 서울이요 서울 네 그니까 서울시 내일 농원구 네 서울시 성북구 어 옛날 주소밖에 기억이 안나는데 어 네 말씀해주세요 그건 제가 찾으면 되니까요 어 614에 제가 26통 26번지 예 네 이게 무슨 동이죠 길음동이요 네 614-26 번지 맞으시죠 네 다세대 주택이실까요 예 빌라요 빌라 몇호세요 사업자 직수할 있나요 이십 일 호요 201호요 201호 아 201호 네 확인 감사드리고 그럼 고객님 이거 제일 금속도 서울시 그 구가 어디에 있는걸까요 여기는 저기 성동구요 이것도 성북구에 있어요 성동구요 성동구 예 네 확인 감사드리고요 이거 제가 접수 도와드리면 저희 그 SBI에서 026022 번으로 전화 가실거에요 네 그거 본인 인증차 전화오시는거니까 부재없이 잘 받아주셔야 심사 가능하신거거든요 예 네 그럼 구비서류 문자로 안내 도와드릴게요 예 네,1
여보세요 네 안녕하세요 고객님 예 농협금융인데요 네 자금 필요하신거 있으시면 상담 받아보시라고 예 안내 예 전화드렸고요 네 고객님 이율상담 먼저 어보시 되시는데 생활자금이나 대환자금 필요하신거 혹시 있으세요 활자금 생활자금 필요하시고요 예 간단하게 몇가지 여쭙고 안내해드리겠습니다 고객님 예 직장인이세요 사업자세요 직장인이요 네 예 어 예 재직기간이 얼마나 되셨나요 한 15년 됐죠 15년이요 예 사대 가능하신거죠 고객님 예 연봉은 얼마나 되시고요 연봉 지금 3700이요 네 3700개시고요 예 직장명 여쭤봐도 될까요 고객님 대일산업이요 대일이요 예 어 대일 산업 네 담당자 예 서미경이에요 고객님 성함 좀 여쭐게요 어떻게 되시죠 김정만이요 님 몇년생이세요 예 85년생이요 네 팔 5년생이시고 네 고객님 혹시 대출좀 쓰시는거 있으신가요 아니요 어 대출이 지금 아예 신용대출 없으신거에요 예 네 없으시고요 혹시 고객님 명의로 자가는 있으실까요 아니여 그러시구요 예 지금 얼마라 그러면 생활자금으로 필요하실거에요 얼마정도 가능해요 이정도시면 고객님 얼마라 그러면 좀 나오시겠는데 대출이 없으시잖아 우선은 네 최대로 저희가 어 최대치를 올려드릴까요 접수를 그니까 얼마정도 예 그러니까 그거는 고객님 상담을 들어보셔야 돼요 저는 예 고객님 이제 접수 상담원이기 때문에 고객님 담당자가 이제 지정이 되시면 30분 이내로 전화가 가실거에요 그분이 예 가능 금액부터 예 이율까지 이제 다 싹 다 대출까지 해드릴거에요 상담 들어보시면 되시고요 혹시 신용카드 사용하세요 아니요 신용카드는 없으시고요 신용상에 문제가 있거나 연체되신건 없으시죠 현재 네 고객님 30분 이내로 예 농협금융에서 전담 플래너가 전화가 가실거니까 예 고객님 상담 잘 들어보시고 조건에 맞으시면 그때 이용하시면 되세요 고객님 그 농협금융은 어느 지점이세요 예 영등포 지점이고요 고객님 영등포요 일대일 예 일 대일로 예 저희가 들어가실거에요 상담이 그러니까 들어보세요 고객님 네 감사합니다 예 안녕하세요 김종만 고객님이시죠 예 한도 조회 해드리려고 전화드린 농협에서 배정받은 담당자 조미희라고 합니다 예 몇 가지 여쭙고 조회 좀 해드려볼게요 지금 이용하시는 통신사는 어느 통신사 이용하세요 어 유 플러스요 네 그러 지 본인 명의 폰이시고 15년이나 재직을 하셨네요 고객님 네 재직하신 회사 이름이 어떻게 되세요 예 재직하시는 회사 이름 지금 잘 안들리거든요 재직하시는 회사 이름이요 제일 금속이요 여기가 이제 주식회사죠 고객님 예 지역은 어디신가요 어느 지역이요 어 거기 계시는 지역 서울인데요 서울이에요 그래요 그러시고 고객님 거주 형태네는 아파트 빌라 연립 단독 어떤 형태로 거주하세요빌라 빌라 고객님 명의 자가신가요 아니요 전세데요 네 그러시고 어 연북은 한 3700 되신다 하셨고 명의의 고객님 명의 차량 있으세요 차량이요 네 예 몇년도식이고 어떤 종류실까요 아반떼 18년이요 어 아반떼시고 담보나 할부설정같은거 있으세요 아니요 그런거 없으셔요 예 그러시고 어 그러면 고객님 차량번호 한번 불러주시겠어요 차량번호는 왜요 어 그거는 차량으로도 나올 수가 있어서 그냥 봐드리기만 한거고 그냥 고객님이 한도 나오면 선택은 하시는 거에요 고객님 지금 쓰시는거는 다른데 쓰시는 건 없어요 예 없으시고 지금 필요하신 금액은 얼마정도 필요하신거에요 지금 얼마정도 돼요 고객님이 쓰시는게 없어서 많이 나오실 거 같긴 한데요 어 대략적으로 얼마정도 고객님 연봉만큼은 나오겠죠 최소한 지금 한 2000만원 좀 필요한데 그러니까요 예 가능하실거 같고 85년생이시고 생일이 몇월 며일이신가요 예 생일 85년생이시고 생일이 몇월 몇칠이신가요 제 생일이요 네 예 5월 19일이요 0519 이시고 그리고 신용카드 쓰신거 당연히 1년 넘으셨죠 예 신용카드 쓰신지 아니 안쓴다고 얘기했었는데 안쓰신다 하셨어요 연체 같은거 이런거 없으시죠 예 고객님 그러면은 어 직장인 신용으로 해서 BMK 캐피탈하고 치매저축 금리 낮은대로만 먼저 봐드리는 거에요 고객님 시내 저축은행하고 BMK 캐피탈에서 전화가면 고객님 본인 통화 한번 해주시고 인증해주시면 한도가 떠요 그럼 제가 결과 나오면 말씀 드릴게요 아시겠죠 고객님 예 비엔케이 캐피탈 친애 저축은행 금리 낮은대로 먼저 해드린 거에요 예 통화 한번 해주세요 고객님 잘 안들리시나봐요 아니요 잘 들리세요 통화해주세요 고객님 예 여보세요 예 BMK 캐피탈 가조회 안내차 연락드렸는데 김종만 고객님 맞으실까요 네 생년월일 85년 5월 19일 맞으시고요 예 직장인이시고 사 대보험 돼있으실까요 예 리하고 계신 차량 18년식 맞으시고요 저희쪽에서는 고객님이 직접 인증해주셔야 되셔서 하는 방법이랑 링크 문자 넣어드릴거고요 들어가셔서 한도조회까지 해주셔야 완료되시니까 이 부분 위해서 조회 부탁드릴게요 예 감사합니다,1
네 안녕하세요 케비 국민은행입니다 예 중개출 통해서 서류 넣어주셨던데 혹시 필요하신 자금 얼마정도 내신걸까요 한 1000만원정도 칠한데 1000만원정도 필요하신거천이요 3000이요 이게 생활용도가 어떻게 되실까요 생활작업금이요 생활자금 되시겠고요 예 저희가 지금 현재 나가시는 상품 자체가 한정상품으로 등재가 되신거라서 예 그럼 얼마정도 돼요 어 금액같은 경우는 고객님 이거는 가제를 진행을 하셔야지만 저희가 정확하게 말씀드릴 수가 있습니다 근데 최저 1000만원에서 최대 1억까지는 신청하실 수가 있고요 금리는 지금 1.5에서 삼 프로대로 산출 가능하십니다 그래요 KB 국민은행 어느 지점이세요 본점입니다 본점이요 네 근시간 괜찮으시다면 지금 저희가 이거 가조하시는 부분 도움드릴까 하시는데요 예 네 이건 간단하게 온라인상으로도 접수 가능하시기 때문에 제가 지금 바로 안내 도와드릴까요 네 그럼 고객님 핸드폰 기종은 아이폰이십니까 안드로이 되십니까 안드로이 돼요 네 고객님 본인 명의 맞으십니까 네 통화 유지 상태로 카톡으로 잠시만 들어가주실게요 카톡 안되는데 네 카톡 안하는데 카톡 안하실까요 네 그러시면 고객님 그 팩스 있으실까요 아니요 팩스도 없으시고요 예 어 그럼 고객님 저희쪽 지점 직접 방문하실 수 밖에 없으신데 괜찮으시겠어요 KB 국민은행 어느 지점이라 그랬죠 본점입니다 본점이요 본점 성함이 어떻게 되세요 박지현 대리고요 예 박진현대리입니다 KB 국민은행 본점이 어디에 있어요 여의도 지접입니다 고객님 그래요,1
여보세요 네 안녕하세요 고객님 저희 KB 저축은행 영업부입니다 김종고객님 맞으신가요 예 김원정 고객님 맞으세요 KB 저축은행 저기 어디 계세요 네 저희는 번점이고요 본점 위치는 서울 송파구에 위치했습니다 예 네 대출상담 중개업체에서 연계접수받고 연락드렸는데 통화 괜찮으세요 예 네 필요하신 금액은 어느정도 필요하실까요 한 3000만원 필요한데 네 3000만원 필요하신거고요 예 일단 저희 상품은 기존에 고금비로 채무가 있으신 고객님 한해서만 저렴한 기로 대출이 가능한 안심전한 대환대출입니다 예 대환하는 조건으로 따로 추가 생계자금을 받을수도 있으세요 아니요 네 고객님께서 기존에 상환중이신 대출 있으세요 예 그 금기는 높으신 편이신가요 그렇게 높지는 않아요 금리가 높으신 부분은 그니까 금리 이사율 때문에 부담이 크시거나 그런 건 없으시고요 이 네 그럼 대환대출 하실 필요는 있으신거에요 고객님 예 금리가 높지 않은데 대환대출을 하시려고 하신다 말씀이세요 예 저희 상품 경우는 정부에서 출시된 정부기금 대출이시기 때문에 서구제 명목으로 이제 저렴한 금리로 발급 받아보실 수 있습니다 예 금리는 고객님들마다 신용도에 따라서 다 다르지만 보통은 연출서 3.2 프로에서 7.5 프로 내에 적용되시고요 예 한도액은 사업자 및 사대보험 여부 그리고 소득에 따라서 이제 대환겸 생활사금으로 1000만원부터 최대 2억까지 적용되실겁니다 네 고객님께서 최근에 연체나 미납 이력은 있으시가요 아니요 없어요 네 그 기존에 그러면 지금 대환을 하시려고 하는 그 금융권이 어떤 금융권에 대출을 대환을 하시려고 하시는건가요 고객님 예 금융권 기존에 상환하시려고 하는 그 금융권이 어느 은행에서의 대출을 지금 대환을 하시려고 하시는건가요 아이 케이비요 네 케이비요 예 네 KB 정확히 캐피탈이신가요 아니면 국민은행이신가요 예 캐피탈이요 KB캐피탈이요 예 상환금액이 얼마정도 남아있으세요 한 5000만원 남아있는데 5000만원 상환 금액이 남아있으시고요 예 네 그럼 아까 고객님 3000만원이 필요하시다고 말씀해주셨는데 이건 어떤 용도로 필요하신 금액이신가요 그 대환 또 대출이죠 대환이죠 대환 네 그러시면 우선은 고객님 신용평가의 영향이 없는 가조회를 통해서 기존 채무 현황을 정확히 한번 확인해볼거고요 제 간단하게 네 몇가지만 여쭤보고 심사 진행 도와드리겠습니다 네 사용하시는 휴대폰은 고객님 명의가 맞으신가요 네 통신사는 어떻게 되시나요 네 LG요 lgu플러스시고 지금 현재 직장인이세요 아니면 다영업자이세요 어 직장이요 네 사 대보험 적용되시나요 예 네 어 근무하신 곳에 재직기간이 얼마정도 되셨나요 지금 15년 됐죠 십 몇 14년이요 15년이요 15년 정도 되셨단 말씀이 예 알겠습니다 어 그러면 고객님 실례지만 연봉은 대략 어떻게 되세요 연봉이 지금 3500이요 네 한국신용 정보원에서 가조회를 할 때 본인 인증을 위해 고객님 개인정보가 필요하는데요 예 우선 고객님 성함은 김 원자 정자 김원정 고객님 본인 맞으시고요 예 네 고객님 주민번호 열 세 자리 한번 확인 부탁드립니다 열 주민번호요 네 주민번호는 왜요 고객님 대출 받아보셔서 아시겠지만 어떤 금융권이라고 하더라도 주민번호 확인없이 대출 부가능 KB 어디라 그랬죠 지금 저축은행이요 그래요 KB 저축은행이요 네 KB 저축은행이 어디에 있는거 어디 저축은행저 어디 네 아까 한번 말씀드렸는데 저희는 본점이고요 서울 송파구 송파대로에 위치해 있습니다 그래요 네 거기 성함이 어떻게 되세요 네 이동희 대리입니다 그면 이거 KB 저축은행에다 지금 전화를 하면 받겠네요 받는 다른 직원분이 계시겠지만 제 성함을 마 영업부 이동희 대리 찾는다고 하면 연결 도와드릴겁니다,1
여세요 네 여보세요 네 고객님 안녕하세요 김원주 고객님 본인 맞으시죠 네 안녕하세요 저는 이전에 대출 상담 보와드렸던 에스비아저축 담당자 원권팀장이라고 하는데 어느 지점이세요 다시 한번 말씀해주실래요 어느 지점이시냐고 고객님께서 이전에 금리 높은 그니까 어느 지점이시냐고요 SBI 저축은행 서울 지점입니다 고객님 예 서울 강북 지점입니다 서울 강북가 어디야 강북 지점이요 강북 어디 캄빛국이요 고객님 강북구가 다 있어요 그게 강북구 어디 어느 동네 어느동 강북지점이시면은 아십니다 고객님 야 이 씨발놈아 니 말못 막혔지 어 보이스피싱 하라매 이새끼야 똑바로해 이 개새끼야 니 애미애비가 불쌍하다 이 썅놈의 새끼야 너 니 애비가 아니야 너 보이스피싱 하는거 고객님 욕하지 마시고요 니 애이애비가 알어 너 보이스피싱 하는거 아니 고객님 보이스피싱 저가 어떤걸 했다고 보이스피싱 어느 은행이 전화받으라고 전화줘 그 전화상으로 대출 받으라고 전화를 하냐 그것도 휴대폰 번호로 어 왜 어느정화 어느 은행이 그렇게 씨발놈아 어 야 뭔스피싱할라면 똑바로 해 개새끼야 니 애애이야 불쌍해 니 애이애이야 씨발새끼야 아니 욕하지 말고요 니 애미애이야 불쌍하냐고 어 왜 이사위로 사냐 정직하게 돈을 벌어 이 썅놈의 새끼야 정직하게 돈 벌고 있어 어 이게 정직하게 돈 버는거야 이 개새끼야 도시피싱이저 씨발 정직하게 돈버는거야 어 아니 프레스피싱이 아니에요 어머니 야 어느 은행에 전화로 대출받으라고 전화를 하냐 이 개새끼 그것도 휴대폰으로 전화해가지고 아니 요거를 아니 근데 왜 이렇게 욕을래요 어느운얘기 어 대출 전화를 해 어 얘기해봐 어느은행에 씨발 대출받으라고 전화를 해 네 지금 하고 있잖아요 고객님 니네 은행 아니잖아 이 씨발새끼야 아니 고객님 만나서 그러실 깡거 없으시면서 왜 그러세요 야 니네 운행 아니잖아 씨발놈아 은행입니다 고객님 어 야 강북에 저 없어 내 강북구 사람이야 이 개새끼야 어 그러시면은 지금 혹시 어디신지 좀 여쭤봐도 괜찮을까요 어딘지 여쭤도 괜찮을까요 고객님,1
여보세요 네 롯데 캐피탈인데요 고객님 예 네희 당일 프로모션이라 저금리 대출 가능하시거든요 거나 필요자금 있으세요 아상니다 예 필요한점 있긴 있는데 네 그 얼마정도 되는 아니요 얼마정도 되는지 개인마다 다르시니까 금리랑 한도 들어보셔서 만족하시면 그때 진행 좀 하시고요 좋으신게 자체상품이라 조회건 안남게 봐드릴게요 고객님 조건 여쭤보고 가능하시면 저희가 30분 이내로 선출 좀 해드릴거에요 지금 연체는 없으시죠 예 직장 다니세요 사업하세요 고객님 직장이요사대보험 되시고요 예 근무 기간은 얼마나 되시죠 지금 10년 됐어요 네 연봉은요 고객님 연봉은 사 3500이요 네 지금 대출 받으신데가 캐피탈 저축은행 몇건 정도 사용하실까요 없어요 아예 없으세요 예 몇년생이시죠 85년생이요 성함은요 김찬민이요 네 임찬자 민자님 예 카드 사용은 하세요 아니요 안하는데 안하시고 신용상 문제는 없으시죠 예 햇살론도 받으신거 없으시고요 예 네 일단 바로 결정하시는건 아니시니까 금리랑 한도 들어보셔서 만족하시면 진행좀 해주세요 고객님 예 어디라 그랬죠 롯데캐피탈이요 저희쪽만 통화하시면 되세요 고객님 예 알겠습니다 네 요 네 안녕하세요 임찬민 고객님 맞으신가요 예 네 조금 전에 저희 롯캐피탈 여자 상담원이 통해서 문 남겨주셔서 연락드렸고요 담당자로 은 강영 팀장이라고 합니다 잠시 통화 괜찮으실까요 예 네 혹시 그 필요하신 자금 인도가 생활자금으로 필요하신건가요 예 필요하신 금액은 얼마정도 되세요 그 3000만원정도 필요하는데 3000만원정도 필요하신거고요 지금 이제 사 대보험 직장인으로 근무하신지는 10년 되셨다고 전달받았구요 수령하시는 보험 3500만원 맞으실까요 예 네 지금 혹시 근무하고 계신곳 근무지 성명이 어떻게 되세요 예 근무하고 계신곳 근무지 상호명이 어떻게 되세요 열 금강 삼 산업이요 특당 산업이요 예 서납이시고 수며회를 앞자리 85년 안이신가요 어 생 년월일 앞자리 85년 몇월 몇일전이세요 예 7월 27일이요 7월 27일이시고요 현재 이용중이신 휴대폰 통신사가 어떻게 되실까요 예 SK요 SK시고 명의자는 고객님 본인 명의 맞으시고요 예 네 제가 두가지 상만 더 여쭤볼게요 고객님 본인명의로 소지하고 계신 질까요 뭐라고 잠깐만 뭐라고요 그 고객님 본인 명의로 소지하고 계신 차량 있으실까요 예 차종이랑 연식이 어떻게 되세요 예 아반떼 18년이요 2018년 시 아반떼시고요 예 마지막으로 주거하고 계신 곳 형태가 자가전세 월세 어떻게 되세요 예 전세요 전세시구요 네 알겠습니다 지금 생담은 마무리 되셨고요 저화 전화 끊고 나시면 롯데캐탈 저희 전화 한통 들어가실거에요 그럼 지금 전화한데 롯데캐피탈 아니에요 네 맞아요 그니까 지 상담을 도와드린거고 이제 본심사 들어가시면은 이제 본사에서 전화 들어가실거에요 그 본인인증해주시고 나면은 한도랑 금리 바로 나오실거고요 제가 한도 금리 확인해서 고객님한테 바로 연락드리도록 할게요 예 네 감사합니다 여보세요 안녕하세요 여기 롯데캐피탈이구요 임찬민 고객님 맞으세요 예 네 가조회 신청하셔서 연락드렸고요 제가 인증 안내문자 하나 보내드릴거에요 예 문자있는 인증센터로 직접 전화하셔서 인증 진행해주세요 문자에 인증센터로 전화하셔서 인증 진행해주시면 되세요 예 네 감사합니다,1
여보세요 네 고객님 안녕하세요 키움 저축은행인데요 지난번 저희가 한도가 적었는데 이번달에 한도 풀어서 금리를 좀 내렸는데 기존에 그 저축은행 캐피탈거 저금리로 아직 대안은 안하셨죠 고객님 네 그런거 없는데 카드론하고 저축은행 캐피탈거 쓰시는거 전혀 없으신거에요 네 그러면 혹시 저금리로 나오면 자금 필요한건 있으세요 요번 내린금리 5 프로또 한도가 최대 자금은 필요하죠 지금 근데 저 조건 되는지 여쭤볼게요 자금 필요하시니까 조건 되는지 여쭤보지 연체는 없는거죠 고객님 아이 그런건 없어요 연령자인데 몇 년생이시고요 몇 년생이 되는거에요 고객님 충분히 저 연령대에서 안걸릴거 같은데 몇년생까지만 말씀해주세요 몇년생이시죠 85년생이요 직장 다니세요 사업을 하세요 어떤 일 하시장다니는데요 사 대보험 되고 근무기간은 6개월 이상 근무하신거에요 고객님 그럼 직장이 우리대금리에서 한도는 충분히 나 금리조건도 좋으시니까 알아보시고 금리 비교해보시고 금리가 맞으면 이용하시면 되고요 전는 상담원 김미재인데 고객님 성함은 어떻게 되시나요 김판석이요 김자 판자 석자님이세요 네 10분전에 대주과 전화 갈거니까 조회기록 어디라 그어요 지금 키움 저축은행입니다 하고 전화 갈겁니다 상담 받아보고 금리가 맞으면 조회기록 남지않는 가조예상을 알아봐드릴게요 예 이율조건 들어보고 이용하세요 필요자금으로 예니 네 예 안녕하세요 님 김판석 고객님 맞으세요 예 신청주신 키움저축은행이고요 제가 잠시 상담차 전화드렸는데 통화 가능하실요 현재 고객님 사 대보험 되는 직장에 6개월 이상이라고 하셨는데 얼마정도 재직하신거세요 예 10년이요 10년정도 그러시고 지금 급여 통장으로 해서 월에 입금 얼마나 받고 계세요 올해 300만원이요 300만원 그러면 이게 지금 삼 3600이 넘나요 연봉이 혹시 3600 좀 안되죠 예 그러시고 고객님 어떤 일 하고 계세요 예 제조업이시고 일단은 지금 연체상 고객님 과거신용쪽으로는 현재 연체 이런건 없으신거고요 예 네 신용카드 이용하고 계세요 아니요 없으세요 예 안만드신건가요 혹시 발급이 안되시는건가요 안만든건데요 고객님 공인인증서는 있으신가요 예 있으시고 휴대폰 본인 명의세요 예 통신사 어디 이용하실까요 예 SK요 SK 결혼하셨나요 아니면 미혼이실까요 그거 왜 물어봐요 요거 지금 저희가 이제 그런 사항도 필요하기 때문에 왜 필요요 게 대출하는데 일단은가족관계 왜 물어봐요 그런거를 대출받는건데 일단은 고객님 지금 아파트 빌라 단독 거주하는 곳은 어떻게 되세요 빌라시고 요거 자가전세 월세 전세요 전세시고 지금 85년 몇월 몇일이세요 예 5월 6일이요 5월 6일이시고 그러시고 고객님 혹시 본인 등급 점수 좀 알고 계세요 아니요 모르시고 지금 쓰고 있는 혹시 대출 있으세요 아니요 없어요 없으시고 고객님 그러면 필요하신 자금은 얼마나 되세요 좀 2000정도 지금 필요하거든요 2000정도 필요하신거고 요거 아마 본인 가용자금이신거 같애요 예 고객님 이제 생계자금이시잖아요 고객님 쓰실 자금이시고 최근에 좀 지금처럼 전화 받으셔서 이렇게 조회를 하신적이 있으세요 아니요 없으시고 그러면 저희 지금 키움저축으로 연락을 주셨잖아요 제가 키움저축으로 그 직장인으로 해서 신청을 넣어드릴거고 그거 한도 조회 결과가 나오시면 한도나 금리는 제가 연락을 드릴거에요 지금 집 주소는 어떻게 되세요 주소를 왜 물어봐요지그 고객님 요거요 전산으로 저희가 입력을 해야되기 때문에 고객님한테 여쭤보는거고요 제가 이게 필요하지 않은데 굳이 고객님한테 여쭤보지 않아요 제가 지금 고객님 성함하고 휴대폰 번호만 안다 그래서 저희가 조회가 들어갈 수가 없잖아요 기본적으로 고객님 주소지 직장상 이런건 저에게 주셔야지 제가 접수 진행이 되시는 거거든요 혹시 대출진행을 한번도 안해보셨나요 예 그니까 제가 지금 여쭤본게 고객님 아까 불쾌하셨을 수도 있는데 제가 지금 여쭤본 사항이 필요하기 때문에 저도 여쭤본거고요 지금 집 주소라던가 이런거는 개인적으로 기본이신거에요 대출진행할 때 고객님 나중에 신분증이라던가 고객님 소득증빙할 수 있는 사 대보험 득실 납부저 저축은행 어느 지점이세요 저희요 여게 지금 저희는 강남이에요 고객님 강남 어느 지점이요 지점 저희 지점으로 방문하실 생각이신가 아니 강남 어느 지점이냐고요 아이 저희가 지금 일반적으로 고객님한테 아니 강남 어느 지점에서요 강남이라면서요 예 어느 지점이세요 그니까 저희 강남센터에요 아니 그러니까 강남도저 강남에도저 키움저축은행에 여러군데 있서 있잖아요 그쵸 저희 그니까 어느 지점이냐고요 강남 어느 지점이냐고요 키움이 많이 있고요 고객님 죄송한데 아니 그니까 강남 어느 지점이세요 저한테 따지듯이 듯 따지듯이 하는게 아니라 물어보는거잖아요 어느 지점이지이시냐고요 아니 그니까 고객님이 지금 하고 싶으신게 대출 진행 한건데 그니까 어느 지점이시냐고 시냐고요 저희는 센터로 방문하셔서 지금 진행을 하는게 아니에요 고아니 여보세요 그러니까 지점에 지 어느 지점에 계시냐고요 잠깐만요 고객님이 지금 저한테 여쭤보시는게 제가 지금 대출 진행을 해서 접수를 해서 저희쪽에서 나오신 결과 제가 물어보잖아요 지금 어느 지점에 계시냐고요 강남 어느 지점이시냐고 저희 지금 그 지점이 어디 주소를 말씀하시는거에요 지점이 있을 거 아니에요 저희는 논현동에 지점은 따로 없고요 고객님 네이버 검색해보시면 저희가 키움저축이 네 군데 정도 있어요 지점이 토탈해서 서울에요 잠깐만요 예 사 휴움 저축은행 그 논현지점이라고요 논현이에요 네 논현이요 논현점이요 네 시금저 저축은행 논현도 네 몇 군데가 되는데 고객님 죄송한니다 고객님이 지금 알고 싶으신게 뭐세요 대출 진행을 제가 지금 접수를 해서 아니 그데 시저축은행 지금 논현 어느 지점이냐고요 강남 제가 지금 논현동 말씀 드렸잖아요 고객님 진행사 있으신거세요 논현동 맞았어요 맞으세요 그니까 논현점이 맞는데 아니 논현점 그 성함이 어떻게 되세요 아니 그러니까요 아니 제가 물어보잖아요 지금 논현 그 논현점 성함이 지금 어떻게 되시냐고 상담하시는 분 제 이름이 이은경인데요 고객님 이게 그러면은 논현점으로 지금 전화하면은 그 본인이 받으세요 제가요 예 제가 지금 말씀드리잖아요 고객님 이게 보험사랑 똑같은건데 제가 상담을 해서 진행을 하는 부분 논현점에 계신다면서요 그니까 논현점에 전화를 하면 전화 받으시냐고요 제가 논현점에서 전화를 따로 받진 않아요 고객님 지금 논현점이라면서요 고객님이 그럼 논현동으로 그럼 여보세요 네 지금 논현점 맞으신거잖아요 그죠 네 예 그니까 논현점으로 지금 전화를 하면은 전화 받으시냐고요 죄송한데 고객님이 알고싶으신게 어떤것신거에요 진행을 하고 싶으신 본인이 진짜 논현점이 맞아요 여보세요 진짜 논현점이 맞냐고 여보세요 죄송한데 그러면 고객님이 지금 의심스러워서 진행을 안하실거면 고객님이 논현점을 방문을 하시면 되시,1
네 안녕하세요 김원종 고객님이시죠 네 KB 캐피탈입니다 저희가 이번에 프로모션 기간이라서 한도랑 금리랑 잘 나오시고요 네 추가자금 대한자금도 가능하시고 금리 인하도 가능하시거든요 한도가 나오시면 높은 금리 사용하신 거 있으세요 아니요 없어요 그런거 없으세요 네 추가나 추가자금도 필요하신거 없으세요 추가자금은 필요하죠 지금 얼마 필요하실까요 추가로 얼마정도 돼요 그 얼마정도 되는지는 제가 몇가지만 여쭤보고 말씀을 드릴게요 지금 쓰고 있는 대출이 어디에 있어요 없어요 대출 쓰는건 없어요 그러면은 신용상에 문제가 있을까요 아니요 없죠 그런거는 없으시 신용카드 사용하세요 아니요 신용카드 없어요 예 본인 명의로 자동차 는 있을까요 예 네 몇년식이에요 18년이요 뭐에요 차 이름 예 아반떼요 몇 키로 뛰였어요 아니 키로수까지 다 물어봐요 키로수가 너무 많 20만 이상 뛰면은 정도 네 그 차 넘버 좀 불러주세요 차 넘버는 왜요 차 무슨 대출 받는데 차 넘버가 왜 필요해요 차료도 한도가 있고요 신용으로도 한도가 있어요 그래서 이제 말이 안되는 소리가 무슨 대출 받는데 차 넘버을 왜 필요해요 오토론 대출이 있다고요 그러니까는 이거를 확인해보고 본인이 원하시는 대출로 선택을 하시면 되신다 원하는 대출을 하더라도 차 넘버가 필요하진 않는거죠 오토론으로 하시게 되면 차 넘버가 필요하고요 신용으로 하시게 되면 고객님이 필요할 신구야 안필요할 친거야 도 필요하니까 얘기를 하는거죠 그니까 필요한니까 여쭤보는건데 저희가 내용을 플러스 마이너스 계산을 할려면 이게 필요하거든요 그래서 물어본거에요 한도를 많이 빼고 금리도 할인을 가능하 하는지 안하는지 확인을 하기 위해서,1
안녕하세요 제이티 신애 저축은행입니다 이번달에 직장인 사업자 한도 증액돼서 나가고 있어서 안내 연락 드렸어요 연체만 없으시면 가능하신데요 고금리 쓰시거나 네 필요자분 있으세요 예 네 고객님 그럼 몇 가지 여쭤볼게요 현재 연체는 없으신거고요 예 네 지금 몇 년생이세요 예 저기 85년생이요 네 하시는 일은 직장 다니세요 사업하세요 예 직장이요 네 사 대되시고 급여 통장으로 받으시고요 예 네 고객님 그리 근무하신지 얼마나 되셨나요 지금 근무한지가 15년 됐죠 네 고객님 연봉은 어느정도 되세요 연봉은 3500이요 네 그리고 고객님 맡으신 업무는 사무직 기술직 영업직 어떤 쪽이세요 예 제조인데요 저쪽 네 현장직이세요 예 네 고객님 그러면 핸드폰은 고객님 명의 맞으시고요 예 네 어 대부쪽에 혹시 자금 쓰시는거 있으세요 아니아니없어요 네 햇살론이나 햇살론 17은 있으세요아니요 네 회생이나 회복 파산면책 아니시고 최근 연체 이력 없으신거고요 네 고객님 그러면 어 신용대출 전부 쓰시는게 얼마정도 되세요 일 금융꺼까지 다 하시 없어요 하나도 없으세요 예 네 고객님 금리 우대차 여쭤볼게요 고객님 명의의 집 있으세요 아니요 네 어 고객님 마지막으로 본인확인차 성함은 어떻게 되세요 저는 이지희 상담원인데요 권용필이요 권용자 필자님이요 네 금리 조건 맞는다면 필요자금은 있으신거고요 예 네 일 이십분 안으로 통화는 가능하세요 고객님 네 저희가 제이티 친애저축은행 문자 먼저 드리고 연락 드릴거에요 기재하지 마시고 전화 잘 받아주시고요 고객 궁금하신 거 다 물어보시고 마음에 드시면 저희 쪽거 이용 좀 부탁드릴게요 네 감사드리고요 좋은 결과 있길 바라겠습니다 네 6분이 기차 왔차 여보세요 예 관용필고객님 맞으세요 예 여기 이티담당자 이호한이라고 합니다 통화 괜찮으세요 예 85년 몇월 몇칠생이세요 예 5월 6일이요 5월 6일이시고 직장명이 어떻게 되세요 대동 금속이요 대동금속이시고 근무하신지는 대략 어느정도 되셨어요 15년이요 오래되셨네요 여기 한 군데에서 15년 되신거죠 예 가거에 파산면책 회생회복 연체 이런건 없으시고요 어 대출은 지금 어디 얼마씩 없어요 없다고 말씀드렸는데 아까 왜냐면 저희가 한번더 이게 개인정보라서 한번 더 여쭤봐야돼서 좀 이해 좀 부탁드리고요 신용카드는 사용중이세요 아니요 어 안쓰신 이유가 있으세요 그냥 안쉬는건데요 쓰기싫어서 그렇구나 혹시 그럼 지금 필요자금이 얼마나 되시는거에요 지금 얼마정도 가능해요 이게 고객님 제가 왜 여쭤보냐면 자금에 따라 이제 금리가 좀 다를 수도 있기 때문에 그래서 어느정도 필요하신지 여쭤보는거에요 지 한 1000만원 필요하거든요 1000만원 정도요 3000만원이요 금리는 10 프로 이하정도도 가능하실 거 같은데 괜찮으세요 예 어 그럼 진행 제가 5분 뒤에 한번 확인하고요 바로 연락 좀 드릴게요 고객님 네 여보세요 네 예 아까 저저 제이티 담당자에요 고객님 네 진행 가능하시고요 육에서 팔정도 되실 거 같은데 괜찮으세요 육에서 팔이요 네 그럼 얼마를 얘기하는거에요 한 3000까지 나오실거 같아요 3000에서 4000정도요 그래요 네 그 문자로 제가 의료보험 납부득실 요청드리면 보내주실 수 있으세요 응 네 지금 바로 가능하실까요 혹시 예 어 네 알겠습니다 문자로 바로 넣어드릴게요,1
네 안녕하세요 김천중 고객님 되시나요 예 네 고객님 롯데금융 담당자로 배정받은 신미옥 상담사입니다 예 저희쪽 자금 관련 문의 남겨주셔서 제가 몇 가지 확인하고 상담 좀 드리겠습니다 잠깐 통화 괜찮으세요 네 고객님 혹시 필요하신게 대환이세요 추가 자금이 좀 필요하세요 추가요 추가 필요하시고 기존에 쓰시는 대출은 혹시 전혀 없으세요 예 네 그 통신사 어디 사용하세요 네 SK요 SK시고 그 생년월일만 좀 말씀해주세요 예 85년 6월 2일이요 6월 2일이시고 지금 사 대보험 가입된 직장인 맞으시죠 예 네 재직기간은 어느정도 되셨어요 예 5년이요 5년 되셨고 네 급여가 어느정도 되세요 예 200 은 60만원이요 200 월 260이시고 네 회사 명만 좀 말씀해주세요 아니 회사 명도 갈아야 되는거에요 네 제일 철공이요 네 제일 철공이시고 네 고객님 혹시 신용카드 사용하시죠 아니요 신용카드 없으시고 혹시 연체나 신용회고 요런 이력이 좀 있으세요 아니요 없는데요 전혀 없으시고요 네 저희 꺼 롯데쪽으로 바로 접수 좀 해드릴게요 롯데 캐피탈 본사 직원분 전화 오시면 본인 확인 한번만 해주시고 결과 나오시는대로 제가 다시 한번 전와드리겠습니다 롯데캐피탈 본사 직원 맞아요 어 저는 아니고요 그 직원분이 직접 전화하실거에요 이제 제가 상담을 좀 해드렸기 때문에 그 본사쪽으로 바로 연결을 좀 해드리겠습니다 예 알겠습니다 네 여보세요 롯데캐피탈입니다 김천춘 고객님이세요 네 가조회 요청하셔서 연락을 드렸고요 네 본인인증을 먼저 진행해주셔야지 가조회 가능하셔서 그 방법을 문자로 보내드릴게요 읽어보시고 진행해주세요 여보세요 롯데캐피탈입니다 예 인증확인 안되고 있어서요 네 인증 확인이 안되고 있어서요 예 진행 좀 해주세요 뭔 진행이요 네 먼지네 아까 저랑 통화하시지 않으셨나요,1
네 안녕하세요 김창원님 맞으시죠 예 오케이 이인호팀장입니다 네 예 다름 아니라 고객님 지금 연체중만 아니시면 대환이나 추가자금까지 무조건 진행 가능하셔서 연락 한번 드렸거든요 예 네 고객님 필요하시다고 하시면 제가 삼에서 5분 정도 몇가지 여쭤보고 한도금리 산출 한번 도와드릴게요 예 시간 괜찮으세요 예 네 김창원님 본인 맞으시고요 예 네 생년월일이 어떻게 되세요 예 82년 5월 18이요 82년 5월 18일이요 예 네 고객님 사용하시는 통신사는 어디있으세요 예 유플러스요 결제 사용하시고 고객님 본인 명의 맞으시죠 예 네 사 대보험 가입된 직장 다니고 계신가요 예 재직하신지는 얼마 되셨죠 지금은 8년이야 1년되셨고 직장명함만 말씀해주세요 내 여보세요 네 뭐라고요 직장명 한번 말씀해주세요 직장명 직장이요 네 직장 상호명 형제 물산이요 평재 물산이요 물센 물산 예 대표자분 성함은요 고객님 대표자 성함은 왜요 어 그냥 이거 그니까 형제물산이라는 회사가 여러개 있을 수 있어서 그때 대표자 아니 대출받는데 그대표 저희 대표님 그 사장님 전화 이런물 왜 알아야 되는거에요 그니까 고객님 말씀하시기 불편하면 넘어갈게요 고객님 급여는 통장으로 받으시나요 예 어 연봉이 어떻게 되세요 연봉적은 3500이요 3500 되시고 신용카드 사용하세요 아니요 신용카드 왜 사용 안하세요 그냥요 그냥 사용 안하세요 예 네 고객님 그러면은 차량 있으실까요 예 연식이랑 차종만 말씀해주세요 18년은 소나타요 18년 소나타요 네 고객님 아파트 빌라 주택중에 어디 거주하고 계세요 지금 아파트요 아파트 전세 월세 자가 어느거실까요 자간인데요 자가 고객님 명의세요 예 네 그 자가 주소지랑 고객님 신분증 주소지랑 동일하신가요 예 네 알겠습니다 고객님 그 담보 대출 잡힌거 있으세요 자가에 아니요 담보 없으시고 네 알겠습니다 고객님 연체이력이나 회복회생 파산 이력 있으세요 아니요 없으시고 기존 사용중이신 대출내역 있으실까요 아니요 없어요 기존 대출도 없으시고 그 현금 서비스나 카드론 사용중이신건요 아니 없어요 없으시고 그 고객님 그러면 추가로 필요하신 자금이 얼마나 되시는 거에요 지금 2000만원이요 2000만원정도요 급하게 필요하세요 아니야 그건 아니시고요 그 막 이전에 다른데 알아보신데 있을까요 고객님 없어요 없으시고 어 고객님 그러시면 저희쪽에서 진행 바로 가능하실거 같아요 예 제가 네 전화 끊고 서류 안내 문자 바로 넣어드릴거거든요 고객님 네 그 신분증 앞면이랑 사 대보험 확인차 건강보험 서류 받아요 예 네 이거 처리하는데 10분도 안걸리시니까 오전에 빠르게 처리해주시면은 제가 오늘 안에 송금 받을 수 있게 도와드릴게요 예 네,1
여보세요 네 씨 되십니까 네 예 수고하십니다 여기 서울 중앙지검에 김영민 수사관이라고 합니다 네 어 다름이 아니라 지금 본인과좀 연류가 된 명의도용 사건이있어서 확인차 좀 연락을 좀 드린거고요 네 잠시 통화 좀 괜찮으신가요 네 나노흥 통장에 섞 연락을 드린거고요 네 어 3월 일 경기도 광명시쪽에서 발급이 된건데 네 이거를 본인이 직접 발급하신거 맞으신가요 아니요 그럼 최근에 이 삼년 사이에 본인 지갑이나 신분증 개인정보가 될만한 그런 물건을 분실한 적이 있으신가요 분실한적 없어요 물건 분실한심것도 없으시고 본인 평상시에 페이스북이라던지 인스타그램 네이버 관련해서 본인이 로그인을 하지도 않았는데 다른 지역에서 로그이 했다라던지 그런 내용을 보신적이 있으신가요 아은이요 다른 지역에서 녹음이 됐다라는 부분을 보신적이 없다는 말씀이신가요 네 현재 김명석 같은 경우 광고당시 진술로 인하면 그 본인 포함한 다시 명의자들에게 금면적인 댓가를 지불을 하고 평장을 양도를 받았다고 지금 그런 상태입니다 이 부분에 대해서 알고 계신 내용이 있으신가요 전혀 모릅니다 만약 본인이 직접 양도하셨거나 이 사건에 가담을 하신게 아니시라면 그 본인도 다른 피해자분들처럼 명의 대용을 대한 피해자다 이런 식으로 간단하게 피해자 입증 조사를 받으셔야 됩니다 네 예 피해자가 본인 포함해서 1400명이 넘는 많은 피해자가 있다 보니까 조사 전반적인 과정이 녹취상태로 진행이 될 거구요 네 간단한 질문을 통해서 아시는 내용 있으시면 솔직하게 말씀해주시고 모르시는 내용이라면 모른다고 사실 그대로 말씀해주시면 되겠습니다 어느 쪽에서 나오셨다고 하셨어 하셨죠 네 서울 서부지검에서 전화를 드린거고요 본인의 진들이 녹취로 필요하기 때문에 녹취로 진행을 할겁니다 네 근데 그 서울지검 서부지검이시면 제가 그쪽으로 직접 방문을 해도 되는거 아닙니까 네 본인께서는 어쨌든 야식주사를 받던지 구속사를 받던지 둘중 하나는 무조건 조사를 받으셔야 되는 상황인데 네 야식주사랑 고속사 점에 대해서 알고 있으신가요 네 약식조사와 고속사 차이팀에 대해서 알고 있으신가요 저 법대 나오고 현직 전문직하고 있는 사람인데요 네 어쨌든 본인께서 약식조사랑 고속수사 차유점에 대해서 알고 있으시면은 상관이 없겠지만은 약식조사 본인이 아시다시피 전반적인 과정이 녹취상태로 진행이 되고 조사자신문으로 진행이 되기 때문에 본인 앞으로 조사를 했다라는 기록이 남지 않지만은 네 본인께서 소환청에 발부가 되고 직접 나오셔서 조사를 받을 때에는 본인 앞으로 조사를 했다라는 기록이 안습니다 어쨌든 본인이 피해자로 될만한 무식적인 증거 자료가 있기 때문에 피해자 신문으로 조사가 진행이 되는 거고요 예 부분은 본인들 잘 알고 계시겠죠 네 잘 알고 있습니다 그럼 제가 서부직검에서 제가 직접 가서 처리를 해야되는 문제일 거 같고요 네 그럼 저희가 발급 해드릴테니까 날짜 맞춰서 나오셔서 총 여섯 번 출석이 되실거고요 첫번째 날짜로부터 조사를 진행했을 때는 첫번째 날짜로부터는 이틀동안 진행이 됩니다 네 피 유자신 분으로 조사가 진행이 되기 때문에 본인 앞으로 조사를 뭐 했다는 그런 내용이 남으니까 그런 부분 참고를 해주시면 되겠습니다 네 뭐요 그니까 이 이제 절차를 문서 형식으로 발굴를 해주시거나 이렇게 전화로 하는게 아니라 공식적인 문서가 있지 않습니까 네 그래서 저희가 원장을 발부를 해드린다라는거에요 네 그 날짜에 맞춰서 조사 받아주시면 되시는 거에요 나오셔서 네,1
네 그러면 지금부터 녹취 시작하겠습니다 여보세요 네 여기는 서울지방 경찰청 사이버수사대 금융 범죄 수사일 팀에 김기철 수사관입니다 당사자 본인 성함이 본인 맞습니까 네 이 본인이 부산 출신에 42세 남성분 이수협이라는 사람 알고 계십니까 모릅니다 전혀 모르신다고요 네 알겠습니다 금년에 1월 12일에 서울 마포 지역에서 농협은행 개설에 개설한 사실이 있습니까 없습니다 그럼 동현도에 2월 16일에 서 서초동 지점에서 하나은행 개설에 개설한 사실이 있습니까 없습니다 이런 경우도 전혀 없고요 네 현재 지금 이 농협은행과 이 하나은행은 불법적으로 사용됐기 때문에 본인 이사와 상관없이 지급 정지시켜도 되겠습니까 네 알겠고요 이 평소에 이 인터넷 뱅킹을 자우 사용하십니까 아니시면 실디기를 많이 사용하십니까 인터넷 뱅킹이요 인터넷 뱅킹을 사용하실 적에 그 이상하게 잔액이 많아지거나 잔액이 빠질 경우 이런 경우는 있습니까 없습니다 이런 경우는 전혀 없고요 네 알겠습니다 지금까지 진술하신 내용이 거짓이없는 사실을 말씀한겁니까 네 만약에 진술하신 내용이 유사시가 다를 경우에 유무집행방해가 추가됩니다 이해되시죠 예 또 제가 추가로 말씀드리면 금융거래 시명 제의 원칙에 따르면은 이 직접 금융 감동원에서 직접 일 대 일 계좌쪽 조회를 통해서 실시할겁니다 그리고 이 조회중에 만일 이동으로부터 돈 세트 기록이나 아니면 이번 안건 금 있으면은 예 금융 감동에서 본인이 지금 이 해당 계좌도 자동으로 종결처리 되는겁니다 이해 되시죠 네 예 현재는 지금 현재 메모 가능하십니까 운전중이라고 말씀드렸는데요 그러시면 잠시후에 이 사건 번호와 사건 명에 대해서 이 휴대폰으 보내드릴겁니다 예 그리고 사건 명의 사건 번호는 간단히 기억해주시면 됩니다 이 사건 번호는 2015에 다시 0730입니다 예 네 그리고 사건명은 이수협의 금융사기 사건입니다 네 지금 제가 이 이 사건을 담당하고 있는 팀장님연결해드릴겁니다 팀연결되시면은 이 사건 번호와 사건 명을 말씀해주시고요 본인께서 이 무화것을 지금처럼 말씀하시면 될겁니다 네 팀장님께서 신고 절차를 지금 말씀해드리고 피해서라 분없으시도록 피해없으도록 못 도와달라 말해주시면 됩니다 이해 네 녹음 전화는 끊지 마시고요 저희가 결드리겠습니다 잠시만요 여보세요 네 저희 성함은 김기철 네 기해주시고 잠시 후에 휴대폰으로이 저희 이 사건 번호와 사건 명 말씀해드릴겁니다 보내드릴겁니다 800m 게크가 여보세요 네 그럼 녹음 전화기 연결해드리겠습니다 잠시만요 방염 여보세요 네 전화되었습니다 네 말씀하세요 연결됐는데 무슨 말 해야되죠 못된 사건으 전화 연결 되신겁니까 사건 번호가 있으세요 2015-07 뭐라 그랬는데 주 우선 성함 좀 말씀하세요 성함이 어떻게 되시나요 예 잠시만요 2015-07301리 되있나요 네 여보세요 맞으십니까 예 맞으시나요 그렇게 됐다고 얘기는 하는데 전혀 모르는 상황이거든요운 운전중이신가요 네 이 운전중에 전화를 받게 되면 안되시잖아요 우선 주차 좀 해주실래요 지금 핸지프리로 하고 있어요 그러셨나요 네 예 현재 수사관 통해서 설명 들으신겁니까 수사관님 통화해 전화 연결 되신겁니까 예 네 이 사건 내용에 대해서 어느정도까지 예의되신거죠 대포통장이 발견이 됐다 그렇게 얘기를 하는데 네 전혀 모르는 상황이라서 네 연결해준다 그래서 연결 받은겁니다 응 습니까 네 현재 시간이 안되셔가지고 저희 통으로 방문 안하신 거에요 전혀 모르는 상황인데요 전혀 모르는 사람인거는 모 통보 받은 것도 없고 네 전혀 모르는 상황에서 저한테 지금 전화를 해가지고 이런 사건은 연류가 됐다 그러는데 저한테 출석 통보라던가 그런거 받은적이 없다고요 응 현재까지는 본인이 피해가 아니기 때문에 저희가 이 소원장같은거 발부시켜드릴 수 없거든요 부르십니까 들리시나요 예 네 그니까 현재 본인이 지금 참고인 이사 용이사 사로 조사를 받고 있는거잖아요 그까 비해사신 분이 아니기 때문에 저희가 선정 발부 안시켜드렸다고요 그 님 사진 주소지로 네 말투가 원래 그러십니까 아니 제가 며칠전에도 이런 전화를 받은 적이 있어서 그래요 며칠전에 이런 전화 받으셨다고요 예 근데 제가 확인 전화하니까 없는 전화번호라고 떠가지고 응 이 전화번호로 전화받으신 겁니까 아니요 부산에서 전화받았어요 부산에서 근데 부산에서 전화 받으신거 어디 장난전화 받으시면 모르겠지만요 저희쪽에는 한가해서 연락 드린게 아닙니다 그니까 본인이 그렇게 장난로 자꾸 대답하시게 되면 저희도 굳이 본인한 도움드릴 필요는 없으시잖아요 그쵸 장난식으로 전화받은거 아니거든요 그러셨어요 네 이 대답하실 때도 그렇게 대답하지 마시고요 네 계속 진행할게요 네 이 이 수혁이나 이 이동구 이 공들은 전혀 모르신다고 말씀하셨잖아요 그쵸 예 전혀 몰라요 네 근데 실질적으로 봤을 때는 본인 명의로 된 지금 통장같은 경우에는 하나은행하고 농협 중앙료잖아요 네 저희가 어쨌든 본인 명의로 계설 되신겁니다 그렇기 때문에 본인 말 한마디로 저는 모르는 일입니다 이 통장도위가 없어지는 건 아니시잖아요 그쵸 거기가 어딘데 저기 주소를 찍어주시겠어요 제가 출동를 할테니까요 네 형 제가 말씀드릴게요 그리고 12분동안 통화하시면서 여기 어디신지도 모르고 전화연결 되신겁니까 제 한 가지만 여쭤봅시다 무슨 경찰이라고 얘기는 하셨는데 무슨 경찰이 아니라 서울 지방 경찰청에 있는 사이버 수사대입니다 서울 지방 경찰청 예 사이버 수사대표 진흥공제 수사팀입니다 네 우 저은 소연아 팀장이구요 개은 격유구요 네 뭐가 더 궁금하십니까 제가 그러면은 글로 찾아뵙겠습니다 다음주 화요일날 다음주 아니고요 지금 당장 찾아오세요 지금 당장이야 네 왜냐면 이 전화는 저희가 유선상 진행하라고 전화 드린게 아닙니다 저희 수사관께서 본인이 어떤 사정 어떤 내용으로 수사관이랑 통화하셨는지 모르겠지만요 제가 드린 상황 아니기 때문에 이 처음 네 첫번째 안끝났거든요 네 여보세요 네 리거든요 그까 처음부터 전화드린 이유도 본인이 통으로 방문을 하시라고 안내전화 드릴거 드린겁니다 저희 수사관께서 본인이 어떤 개인사정으로 지금 시간이 없으셔 유선상 진행하신지 모르겠지만요 네 계속 구런치만 대답 하실겁니까 그럼 어떤 식으로 대답을 해야 돼요 제가요 나 지금 물어보십니까 네 저가 저는 지금 참사 자격 조사 받고 있는거죠 근데 아직 말도 안끝났는데 네 본인님 한 번 기분은 어떠신지 한번 생각을 해보세요 저희가 무슨 보이스피싱고 사기꾼입니까 왜 저희한테 이런 말투를 정난말투로 자꾸 대답하십니까 장난말트로 얘기한 거 아니라니까요 제가요 아니세요 네 그럼 지금 찾아오세요 오시겠다면서요 응 그 서대문에 있는거 맞습니까 맞습니다 서대문구 통일로 97번지입니다 1층 민원실이고요 3층 저희는 3층에 있고요 예 그럼 3층으로찾을 까 확인전화 할거 하세요 시간만 말씀해주시면 아니 그게 아니라 지금 전화가 중간중간에 끊겨서 그래요 그러셨나요 지금 잘 들리십니까 네 몇 시쯤 방문 가능하시겠습니까 제가 지금 여기 용인 지나고 있거든요 그래서 저희 수사관께서 전화드린거 같아요 유선장 진행하게끔 이렇게 도움 드린거 같은데 서울에 있으면 바로 오시라고 말씀 드렸겠죠 저희쪽에 지금 안계시기 때문에 네 요세상 이런 녹취방식도 있다고 이렇게 말씀 드린겁니다 네 그니까 어떻게 하실지 좀 말씀해주실래요 지도 바쁘거든요 입 겠습니다 제가 몇시까지 방문하면 돼요 제가 넉넉하게 5시까지 시간 드릴게요 5시까지 꼭 참석하시고요 안오시게 되면 본인이 아까 원하신 그 소한장 저희가 발급시켜드릴게요 그 소한날짜 맞서서 손으로 초대하시고요 5시까지요 들쪽 6시 전에 안되겠습니까 예 안되십니다 8시 전에는 여섯 시요 여해서 안드십니다 톨게이트가 앉겠습니다 아가 시 전에 좀 힘들거 같은데 시간이 시간적으로 지금 막 가고있는 길인데 서울쪽으로 들어가고있는 길인데요 지금 용인에서 가고 있어가지고 5시까지는 전혀 시간이 안될거 같 응 제가 드릴게요 오실때 있잖아요 그냥 오시고요 어쨌든 본인 통장에 관한 문제기 때문에 이 금강원측에서 하실 하셔야 될 거 아닙니까 그쵸 저희수사관께서 설명 들으셨죠 일대 수 진행하실거라고요 네 그렇기 때문에 오실때 금융 다 틀리시고요 될 수 있는 한 옷같은 경우는 꼭 두벌 챙겨오십시오 이틀동안 있을려면 다 필요한 물건들이니깐요 이집 있어야 된다고요 그렇죠 앞에 참고인분들이 지금 본인 1명도 아니고 지금 피해자분도 있고 지금 참고인분도 있고 같이 지금 다 대민조사를 받고 있거든요 순서를 기다리셔야죠 바 본인이 바로 오신대서 제가 VIP해서 해드릴 순 없잖아요 안그렇습니까 그럼 죄송한데요 네 사환장을 보내주시면 제가 그 날짜에 출수를 하겠습니다 네 그렇게 하십시오 그럼 초원장 받아보십시오 네,1
여보세요 네 이성주네 예 누구십니까 잠시만요 받아봐 네 전화바꿔줄게요 네 다가 아빠 뚝다 쳤어 어 다쳤다고 뭐가 많이 맞았어 누구한테 뿅 모르는 사람 칼로 질렀어 어디냐 끝 응 맨날참 어디냐고 병원이가 그러면 응 그사람들을 안보내줘 어 안보내준대 누가 서람들 지금 어딘데 접혀했어 그 옆에 보 누군데 그 사람 그래요 어 내 전화 줘봐내가 앉자가 야 어 똑바로 해 여보세요 네 놀라지말고 나쁜 사람들 아닙니다 예 헤치지 않습니다 근데 내 점검할게요 아저씨 머리가 돌아서 경찰에 신고하거나 복잡하게 할 경우는 목에다 칼보 죽여버립니다 알아들었나요 원하는게 돈입니다 우리가 원하는 거 돈 받고 애새끼 풀고 조용히 마무리 지읍시다 예 우리같이 돈이 없는 사람보고 돈을 달라면 어떻게 하니까 돈 없습니까 네 엄마 필요한데 만원돈 필요없어요 예 라면 내가 몇억도 달라하겠지만 내가 꼭 필요한 돈은 많지도 않아 2000만원이 필요해요 왜라 니 1000만원만 받으면 돼 어 가지고 있나 지금 당장 돈이 없습니다 근데 사업 실패해가지고 어 힘들가 상업실패해가지고 좀 지금 안좋은 상황인가요 예 어디 집인가요 어딘가요 지금 집이 근처니다 예 집입니다 지금 집이라 없어 옆에 지금 아무도 없어요 저 혼자야 지금 왜 목소리가 왜그래 쳐져있어 아씨 다치다니 오늘 예 한잔 했습니다 우리 아들 다리 두고 찔렀는데 어 이제 피도 안하고 괜찮아요 내가 깊게지는것도 아니고 나도 목적으은 돈이지 예 해칠 생각 없습니다 지금 그러면 아저씨 가지고 있는거 얼마 있어요 지금 헹금이 없습니다 지금 뭐라도 하고 싶은데 지금은 제가 어떻게 지 할게 없습니다 좀 부탁드릴게요 우리 아들 좀 내가 돈을 받아야 애새끼 풀거나 하지 안그래요 있는만큼 해주세요 아저씨 지금 할 수 있는 만큼 얼마정도 돼요 제가 갖고 있는건요 지금 현재는요 딱 70만원 있습니다 야 해운대가요 지금 아닙니다 성중에 있습니다 어디 지금 송중에 있습니다 성정 처 이팅 송정에 있습니다 송정 그러니까 있 지금 어디신용카드 내신용카드 내가 신용불량이기 때문에 내가 피에서 신용물되가지고 그렇습니다 내 통장도 못만들고 그전 좀 부탁 좀 드릴게요,1
사건도사과장님지금 강민지식인과 부분 연락드린겁니다 뭐야 여보세요 네 강민주씨께서는요 혹시 경북 궁시에서 사신적 있으십니까 네 지금 근무중이십니까 전화받기 불 편하십니까 말씀하세요 네 혹시 네 그쪽에 사시면서 북구 진평동에 사시면서 혹시 김철민이란 일 문자로 보셨습니까 네 김철민요 아니요 네 김철민 이자는 네 광주 출신이고요 전라도 광주 출신이고요 40이 남성입니다 안들어봤다고요 네 그거 일단 어떤 사건이 연류 되었는지 제가 간단히 설명해드리겠습니다 아니 안들어봤는데 제가 그 설명을 들어야 돼요 네 일단 내 어떤 사건인지 알아야 될게 아니겠습니까 제가 그 사람은 모르는데요 여보세요 네 지금 네 저희측 철다 그런데요 여보세요 그런하는 당시 현장에서 현금카드 리고 대표통장을 압수하면서 강민지씨 본인 명의로 된 네 농협은행 대사하고 하나은행 대사가 네 불법자 통해서 약 삼십 일동안 대포 통장으로 사용되고 있는 것은 저가 압수했습니다 네 무슨 말인지 아시겠습니까 네 어 계속하세요 예 지금 뭐 주무시고 계십니까 아니면 근무습이세요 사다 깼는데요 네 그러면 계속 자십시오 왜 계속 하세요 계속 주무쉬라고요 계속 하시라고요 네 자고 일어나시면 네 제가 다시 전화드릴게요,1
여보세요 예 안녕하세요 검찰청이에요 검찰청이요 예 통화 괜찮으십니까 네 가능합니다 전화받으신분이 김윤환씨 맞으시죠 네 맞습니다 예 다름이 아니라 그 본인과 연료된 명의도용 사건이 접수가 되서확인 연락 드렸고요 명의도용이요 예 그 통화 괜찮으시면은 그 메모할만한 거 한번 준비하셔가지고 네 게 말씀 한번 해주세요 네 예 네 준비됐습니다 예 일단 지금 김화씨께서 혹시 김용식이라고 아시는 분이신가요 김용식이요 처음 들어보세요 네 그러면은 2019년도 일 월경에 경기도 광명에 방문하신적이 있으세요 어 광명이요 기억이 잘 안나네요 하시고 저희가 이 두 가지 질문 드린게요 네 얼마전에 이제 김용식 필로한 금융범죄사기을 를 했어요 과정중에 만약에 신용카드가 이제 대표통장을 했는데 그 본인 명의로 된 우리은행 계좌건을 확인을이 됐습니다 근데 이 계좌건을 제가 추적을 해보니까 네 문예행 같은 경우에는 주소지가 서울시 관악구로 나와있는데 통장기설은 방금 제가 여쭤봤던 경기도 광명시에서 19년도 일 월경이 됐거든요 그래서 이거를 김환씨께서 광명까지 직접 가셔가지고 이 장 개해서분 건건지 아니면은 개인정보 유출로 인해서 명의 조용을다가 피해자분이신지 신위업으로 확인하고 연락을 드린겁니다 아마 저는 피해자할거에요 네 제가 가담을 안했으니까요 네 본인이 직접 만들 개설하실수 없다 이 말씀이시잖아요 네 그쵸 그러면은 그 개인정보 위출 관련해가지고 간 3년에서 4년 사이에 신분증이나 통장을 분실했다거가 때 리는소 올라갔다거나 로그인을 하지 않았는데 어요 제가 회사 홍보는 하는데 이게 그 이외에는 제가 딱히 이렇게 개인정보를 올리진 않거든요 이게 누가 악질적으로 이렇게 개인정보를 캐하지 않는 이상 저는 노출 시키지는 않습니다 네 그거를 그니까 본인이 올린게 아니라 다른 분들이 올린거를 본인께서 확 확인된 말입니다 아니요 못 본 거 같아요 그지 나에 예 이거 그리고 제가 사건번호 이거 조회 한번 하셔야 되는데 사건번호 알아요 그거 경찰청이랑 검찰청 그 사이트 들어가서 사건 조회하는거 아닌가요 그 사 인터넷에 있는거 그거 말씀하시는거죠 그거 네 이거 사건좀 한번 해주셔야 되는데 조회한번 해주시고요 지금 말씀 좀 해주세요 네 알겠습니다 고객님 먼저 인증을 하시면은 사건번호가 나와요 제가 지금 김아씨가 분실인지 아닌지 모르잖아요 어 전점 왔죠 네 이거 지금 휴대폰 사용 가능해요 네 가능합니다 인터넷 사용 가능하면은 인터차 하나 열어주시고요 상단에 그 도매주소차 있는데 이거 공백그룹 안되시면은 저희가 그 주소 불러드릴게요 들어가셔가지고 인증하시고 상으 나오시면은 확인 한번 해주세요 아니면 이거 카카오톡으로 제가 보내드릴까요 네 카톡으로 보내주세요 잠시만요 지금 근데 주변에 다른 삼자분들은 안계신건가요 네 없어요 네 이거 일단 그 보 보냈거든요 링크 확인 한번 해주세요 네 클릭하시면 나의 사건조에 파란색 박스안 나올거에요 클릭 한번 해주시고요 예 클릭하시면은 사건 나갈거고요 밑으로 내리면은 그 본인 기존에 ID 있으면은 ID 로그인 하시면 되고요 ID 없다고 하면 비용을 실용확인으로 본인 성함이랑 입력하시고 인증하셔가지고 다음으로 넘어가시면 됩니다 그까 지금 나이사건으 들어가셨어요 네 들어갔어요 들어가셨으면은 밑으로 내리면은 비용을 실용 확인이라고 있어요 네 이게 제 간단하니까 확인을 인증해주시고 다음달에 사건번호 나오시면 저한테 말씀 한번 해주세요 네 알겠습니다 아직 확인 안되셨나요 여보세요 지금 제가 부랑스 부알에서 만드 빵거 먹고 있는데 잠시만요 김아씨 나 장난해요 아니 이거 컴퓨터 접속하는게 너무 어려워요 다시 한번만 알려주시면 안될까요 처음부터 아니 제가 말씀 드렸잖아 신호확인을신호 인증 하시던지 ID으 로그인을 하시라고 알겠다매,1
